{"_id":{"$oid":"58fdc50f835e6fd3711ef938"},"id_donggoirauqua":{"$oid":"58fdc4f7835e6fea701ef94c"},"id_dmbanle":["58f9796e835e6f5a4d8b4567"],"hienthi":{"$numberLong":"1"},"date_post":{"$date":"2017-04-24T09:27:43.559Z"},"id_user":{"$oid":"58e3072432341cfc09005d7e"},"id_congty":{"$oid":"58f074f8d893983c0b000029"},"lock":1}
{"_id":{"$oid":"58fdc61c835e6fd3711ef939"},"id_donggoirauqua":{"$oid":"58fdc4f7835e6fea701ef94c"},"id_dmbanle":["58f2e890d893986c0f00002b"],"hienthi":{"$numberLong":"1"},"date_post":{"$date":"2017-04-24T09:32:12.842Z"},"id_user":{"$oid":"58e3072432341cfc09005d7e"},"id_congty":{"$oid":"58f074f8d893983c0b000029"},"lock":1}
{"_id":{"$oid":"59000f39835e6ff4043869fa"},"id_donggoirauqua":{"$oid":"59000e4a835e6f38063869f9"},"id_dmbanle":["59000f19835e6f5e063869fa"],"hienthi":{"$numberLong":"1"},"date_post":{"$date":"2017-04-26T03:08:41.390Z"},"id_user":{"$oid":"58e3072432341cfc09005d7e"},"id_congty":{"$oid":"58fd6e23835e6f186f1ef936"},"lock":1}
{"_id":{"$oid":"59001182835e6f4c063869f9"},"id_donggoirauqua":{"$oid":"59001160835e6f45063869fa"},"id_dmbanle":["59000f19835e6f5e063869fa"],"hienthi":{"$numberLong":"1"},"date_post":{"$date":"2017-04-26T03:18:26.394Z"},"id_user":{"$oid":"58e3072432341cfc09005d7e"},"id_congty":{"$oid":"58fd6e23835e6f186f1ef936"},"lock":1}
{"_id":{"$oid":"59004b28835e6f3708386a01"},"id_donggoirauqua":{"$oid":"59004b18835e6f80083869fb"},"id_dmbanle":["59000f19835e6f5e063869fa"],"hienthi":{"$numberLong":"1"},"date_post":{"$date":"2017-04-26T07:24:24.215Z"},"id_user":{"$oid":"58e3072432341cfc09005d7e"},"id_congty":{"$oid":"58fd6e23835e6f186f1ef936"},"lock":1}
{"_id":{"$oid":"59004b9e835e6f77083869fc"},"id_donggoirauqua":{"$oid":"59004b95835e6f42083869fe"},"id_dmbanle":["59000f19835e6f5e063869fa"],"hienthi":{"$numberLong":"1"},"date_post":{"$date":"2017-04-26T07:26:22.569Z"},"id_user":{"$oid":"58e3072432341cfc09005d7e"},"id_congty":{"$oid":"58fd6e23835e6f186f1ef936"},"lock":0}
{"_id":{"$oid":"59004bfc835e6f80083869fc"},"id_donggoirauqua":{"$oid":"59004bf4835e6f3708386a02"},"id_dmbanle":["59000f19835e6f5e063869fa"],"hienthi":{"$numberLong":"1"},"date_post":{"$date":"2017-04-26T07:27:56.740Z"},"id_user":{"$oid":"58e3072432341cfc09005d7e"},"id_congty":{"$oid":"58fd6e23835e6f186f1ef936"},"lock":0}
{"_id":{"$oid":"59004c4b835e6f98083869f9"},"id_donggoirauqua":{"$oid":"59004c43835e6f60083869fd"},"id_dmbanle":["59000f19835e6f5e063869fa"],"hienthi":{"$numberLong":"1"},"date_post":{"$date":"2017-04-26T07:29:15.561Z"},"id_user":{"$oid":"58e3072432341cfc09005d7e"},"id_congty":{"$oid":"58fd6e23835e6f186f1ef936"},"lock":0}
{"_id":{"$oid":"59004cd0835e6f3708386a04"},"id_donggoirauqua":{"$oid":"59004cc4835e6f9b083869f9"},"id_dmbanle":["59000f19835e6f5e063869fa"],"hienthi":{"$numberLong":"1"},"date_post":{"$date":"2017-04-26T07:31:28.163Z"},"id_user":{"$oid":"58e3072432341cfc09005d7e"},"id_congty":{"$oid":"58fd6e23835e6f186f1ef936"},"lock":0}
{"_id":{"$oid":"59004d35835e6f60083869fe"},"id_donggoirauqua":{"$oid":"59004d2c835e6fff06386a00"},"id_dmbanle":["59000f19835e6f5e063869fa"],"hienthi":{"$numberLong":"1"},"date_post":{"$date":"2017-04-26T07:33:09.235Z"},"id_user":{"$oid":"58e3072432341cfc09005d7e"},"id_congty":{"$oid":"58fd6e23835e6f186f1ef936"},"lock":0}
{"_id":{"$oid":"59004fad835e6f80083869fe"},"id_donggoirauqua":{"$oid":"59004f9e835e6f9b083869fa"},"id_dmbanle":["59000f19835e6f5e063869fa"],"hienthi":{"$numberLong":"1"},"date_post":{"$date":"2017-04-26T07:43:41.985Z"},"id_user":{"$oid":"58e3072432341cfc09005d7e"},"id_congty":{"$oid":"58fd6e23835e6f186f1ef936"},"lock":0}
{"_id":{"$oid":"59005005835e6f7c083869fa"},"id_donggoirauqua":{"$oid":"59004ff8835e6f8f083869fa"},"id_dmbanle":["59000f19835e6f5e063869fa"],"hienthi":{"$numberLong":"1"},"date_post":{"$date":"2017-04-26T07:45:09.109Z"},"id_user":{"$oid":"58e3072432341cfc09005d7e"},"id_congty":{"$oid":"58fd6e23835e6f186f1ef936"},"lock":0}
{"_id":{"$oid":"59005055835e6fff06386a02"},"id_donggoirauqua":{"$oid":"59005046835e6f3708386a05"},"id_dmbanle":["59000f19835e6f5e063869fa"],"hienthi":{"$numberLong":"1"},"date_post":{"$date":"2017-04-26T07:46:29.114Z"},"id_user":{"$oid":"58e3072432341cfc09005d7e"},"id_congty":{"$oid":"58fd6e23835e6f186f1ef936"},"lock":0}
{"_id":{"$oid":"590050a3835e6f98083869fb"},"id_donggoirauqua":{"$oid":"59005096835e6f7c083869fb"},"id_dmbanle":["59000f19835e6f5e063869fa"],"hienthi":{"$numberLong":"1"},"date_post":{"$date":"2017-04-26T07:47:47.233Z"},"id_user":{"$oid":"58e3072432341cfc09005d7e"},"id_congty":{"$oid":"58fd6e23835e6f186f1ef936"},"lock":0}
{"_id":{"$oid":"59005114835e6f7c083869fc"},"id_donggoirauqua":{"$oid":"5900510c835e6f8f083869fc"},"id_dmbanle":["59000f19835e6f5e063869fa"],"hienthi":{"$numberLong":"1"},"date_post":{"$date":"2017-04-26T07:49:40.689Z"},"id_user":{"$oid":"58e3072432341cfc09005d7e"},"id_congty":{"$oid":"58fd6e23835e6f186f1ef936"},"lock":0}
{"_id":{"$oid":"59005168835e6fff06386a03"},"id_donggoirauqua":{"$oid":"5900515e835e6f3708386a06"},"id_dmbanle":["59000f19835e6f5e063869fa"],"hienthi":{"$numberLong":"1"},"date_post":{"$date":"2017-04-26T07:51:04.251Z"},"id_user":{"$oid":"58e3072432341cfc09005d7e"},"id_congty":{"$oid":"58fd6e23835e6f186f1ef936"},"lock":0}
{"_id":{"$oid":"592fcbdda40183ac1300002c"},"id_donggoirauqua":{"$oid":"592fcba0a40183ac1300002b"},"id_dmbanle":["58f2e890d893986c0f00002b","58f2e8d5d893986c0f00002c"],"hienthi":1,"date_post":{"$date":"2017-06-01T08:10:05.000Z"},"id_user":{"$oid":"58e3072432341cfc09005d7e"},"id_congty":{"$oid":"591d6c69c12583e352f65fd6"}}
