{"_id":{"$oid":"58fdc49d835e6fd3711ef936"},"id_donggoitrung":{"$oid":"58fd8436835e6f416f1ef936"},"id_dmbanle":["58f9796e835e6f5a4d8b4567"],"hienthi":{"$numberLong":"1"},"date_post":{"$date":"2017-04-24T09:25:49.889Z"},"id_user":{"$oid":"58e3072432341cfc09005d7e"},"id_congty":{"$oid":"58f074f8d893983c0b000029"},"lock":0}
{"_id":{"$oid":"592ccf25a40183880f00002e"},"id_donggoitrung":{"$oid":"591ed401c125839f4d3ae568"},"id_dmbanle":["58f2e8d5d893986c0f00002c","58f9796e835e6f5a4d8b4567"],"hienthi":1,"date_post":{"$date":"2017-05-30T01:47:17.000Z"},"id_user":{"$oid":"58e3072432341cfc09005d7e"},"id_congty":{"$oid":"591d6c69c12583e352f65fd6"},"lock":0}
