{"_id":{"$oid":"58f71f59d89398d40d00002a"},"id_donggoi":{"$oid":"58f71edad89398d40d000029"},"id_dmbanle":["58f2e890d893986c0f00002b","58f2e8d5d893986c0f00002c"],"hienthi":{"$numberLong":"1"},"date_post":{"$date":"2017-04-19T08:27:05.000Z"},"id_user":{"$oid":"58e3072432341cfc09005d7e"},"id_congty":{"$oid":"58f074f8d893983c0b000029"},"lock":1}
{"_id":{"$oid":"58f9a73e835e6f5a4f8b4567"},"id_donggoi":{"$oid":"58f9788a835e6fb14c8b4573"},"id_dmbanle":["58f9796e835e6f5a4d8b4567"],"hienthi":{"$numberLong":"1"},"date_post":{"$date":"2017-04-21T06:31:26.338Z"},"id_user":{"$oid":"58e3072432341cfc09005d7e"},"id_congty":{"$oid":"58f074f8d893983c0b000029"},"lock":0}
{"_id":{"$oid":"590034c8835e6f00073869fa"},"id_donggoi":{"$oid":"58f71edad89398d40d000029"},"id_dmbanle":["59000f19835e6f5e063869fa"],"hienthi":{"$numberLong":"1"},"date_post":{"$date":"2017-04-26T05:48:56.539Z"},"id_user":{"$oid":"58e3072432341cfc09005d7e"},"id_congty":{"$oid":"58fd6e23835e6f186f1ef936"},"lock":0}
{"_id":{"$oid":"59003553835e6f87073869f9"},"id_donggoi":{"$oid":"59003529835e6fff063869f9"},"id_dmbanle":["59000f19835e6f5e063869fa"],"hienthi":{"$numberLong":"1"},"date_post":{"$date":"2017-04-26T05:51:15.909Z"},"id_user":{"$oid":"58e3072432341cfc09005d7e"},"id_congty":{"$oid":"58fd6e23835e6f186f1ef936"},"lock":0}
{"_id":{"$oid":"59003693835e6fff063869fa"},"id_donggoi":{"$oid":"5900366f835e6f30063869fa"},"id_dmbanle":["59000f19835e6f5e063869fa"],"hienthi":{"$numberLong":"1"},"date_post":{"$date":"2017-04-26T05:56:35.278Z"},"id_user":{"$oid":"58e3072432341cfc09005d7e"},"id_congty":{"$oid":"58fd6e23835e6f186f1ef936"},"lock":0}
{"_id":{"$oid":"590042bf835e6fea043869fa"},"id_donggoi":{"$oid":"590042a8835e6ffc063869fa"},"id_dmbanle":["59000f19835e6f5e063869fa"],"hienthi":{"$numberLong":"1"},"date_post":{"$date":"2017-04-26T06:48:31.889Z"},"id_user":{"$oid":"58e3072432341cfc09005d7e"},"id_congty":{"$oid":"58fd6e23835e6f186f1ef936"},"lock":0}
{"_id":{"$oid":"59004342835e6ffc063869fb"},"id_donggoi":{"$oid":"5900432b835e6f42083869fa"},"id_dmbanle":["59000f19835e6f5e063869fa"],"hienthi":{"$numberLong":"1"},"date_post":{"$date":"2017-04-26T06:50:42.580Z"},"id_user":{"$oid":"58e3072432341cfc09005d7e"},"id_congty":{"$oid":"58fd6e23835e6f186f1ef936"},"lock":0}
{"_id":{"$oid":"590043bc835e6f3a083869fa"},"id_donggoi":{"$oid":"590043b1835e6f00073869fb"},"id_dmbanle":["59000f19835e6f5e063869fa"],"hienthi":{"$numberLong":"1"},"date_post":{"$date":"2017-04-26T06:52:44.879Z"},"id_user":{"$oid":"58e3072432341cfc09005d7e"},"id_congty":{"$oid":"58fd6e23835e6f186f1ef936"},"lock":0}
{"_id":{"$oid":"59004469835e6f49083869f9"},"id_donggoi":{"$oid":"5900445b835e6f00073869fd"},"id_dmbanle":["59000f19835e6f5e063869fa"],"hienthi":{"$numberLong":"1"},"date_post":{"$date":"2017-04-26T06:55:37.876Z"},"id_user":{"$oid":"58e3072432341cfc09005d7e"},"id_congty":{"$oid":"58fd6e23835e6f186f1ef936"},"lock":0}
{"_id":{"$oid":"590044f8835e6fff063869fb"},"id_donggoi":{"$oid":"590044de835e6f3a083869fc"},"id_dmbanle":["59000f19835e6f5e063869fa"],"hienthi":{"$numberLong":"1"},"date_post":{"$date":"2017-04-26T06:58:00.616Z"},"id_user":{"$oid":"58e3072432341cfc09005d7e"},"id_congty":{"$oid":"58fd6e23835e6f186f1ef936"},"lock":0}
{"_id":{"$oid":"59004670835e6f60083869f9"},"id_donggoi":{"$oid":"59004666835e6fea043869fc"},"id_dmbanle":["59000f19835e6f5e063869fa"],"hienthi":{"$numberLong":"1"},"date_post":{"$date":"2017-04-26T07:04:16.719Z"},"id_user":{"$oid":"58e3072432341cfc09005d7e"},"id_congty":{"$oid":"58fd6e23835e6f186f1ef936"},"lock":0}
{"_id":{"$oid":"590046d9835e6f37083869fc"},"id_donggoi":{"$oid":"590046cd835e6f3e083869f9"},"id_dmbanle":["59000f19835e6f5e063869fa"],"hienthi":{"$numberLong":"1"},"date_post":{"$date":"2017-04-26T07:06:01.574Z"},"id_user":{"$oid":"58e3072432341cfc09005d7e"},"id_congty":{"$oid":"58fd6e23835e6f186f1ef936"},"lock":0}
{"_id":{"$oid":"59004740835e6fff063869fc"},"id_donggoi":{"$oid":"59004736835e6f49083869fc"},"id_dmbanle":["59000f19835e6f5e063869fa"],"hienthi":{"$numberLong":"1"},"date_post":{"$date":"2017-04-26T07:07:44.468Z"},"id_user":{"$oid":"58e3072432341cfc09005d7e"},"id_congty":{"$oid":"58fd6e23835e6f186f1ef936"},"lock":0}
{"_id":{"$oid":"59004796835e6f77083869fa"},"id_donggoi":{"$oid":"5900478d835e6f3a083869ff"},"id_dmbanle":["59000f19835e6f5e063869fa"],"hienthi":{"$numberLong":"1"},"date_post":{"$date":"2017-04-26T07:09:10.847Z"},"id_user":{"$oid":"58e3072432341cfc09005d7e"},"id_congty":{"$oid":"58fd6e23835e6f186f1ef936"},"lock":0}
{"_id":{"$oid":"590047ec835e6f37083869fd"},"id_donggoi":{"$oid":"590047e4835e6f80083869f9"},"id_dmbanle":["59000f19835e6f5e063869fa"],"hienthi":{"$numberLong":"1"},"date_post":{"$date":"2017-04-26T07:10:36.672Z"},"id_user":{"$oid":"58e3072432341cfc09005d7e"},"id_congty":{"$oid":"58fd6e23835e6f186f1ef936"},"lock":0}
{"_id":{"$oid":"5900485e835e6f81083869f9"},"id_donggoi":{"$oid":"59004842835e6fff063869fe"},"id_dmbanle":["59000f19835e6f5e063869fa"],"hienthi":{"$numberLong":"1"},"date_post":{"$date":"2017-04-26T07:12:30.348Z"},"id_user":{"$oid":"58e3072432341cfc09005d7e"},"id_congty":{"$oid":"58fd6e23835e6f186f1ef936"},"lock":0}
{"_id":{"$oid":"59004941835e6f42083869fd"},"id_donggoi":{"$oid":"59004938835e6fea043869ff"},"id_dmbanle":["59000f19835e6f5e063869fa"],"hienthi":{"$numberLong":"1"},"date_post":{"$date":"2017-04-26T07:16:17.227Z"},"id_user":{"$oid":"58e3072432341cfc09005d7e"},"id_congty":{"$oid":"58fd6e23835e6f186f1ef936"},"lock":0}
