{"_id":{"$oid":"58f074f8d893983c0b000029"},"ten":"CTY CỔ PHẦN NOVA SAFE FOODS","diachi":"315 Nam Kỳ Khởi Nghĩa, P.7, Q.7, HCM"}
{"_id":{"$oid":"58f0801dd89398440b00002b"},"ten":"CTY CỔ PHẦN CO-OP NOVA SAFE FOODS","diachi":"căn hộ số 4.02, tầng 5(lầu 4), khối tháp V5 \u0026 V6, KCC Sunrise City, Khu South Towers- số 23 Nguyễn Hữu Thọ, P.Tân Hưng, Q.7, Tp.HCM"}
{"_id":{"$oid":"58fd6e23835e6f186f1ef936"},"ten":"CÔNG TY CP ANOVA FARM","diachi":"315 Nam Kỳ Khởi Nghĩa, F7, Q3, TP.HCM"}
{"_id":{"$oid":"591d6c69c12583e352f65fd6"},"ten":"Trụ sở chính","diachi":"315 Nam Kỳ Khởi Nghĩa, Phường 07, Quận 3, Thành phố Hồ Chí Minh, Việt Nam","title":"NOVA SAFE FOOD SHOW"}
{"_id":{"$oid":"591d6c69c12583e352f6608b"},"ten":"Cong Ty ABC","diachi":""}
{"_id":{"$oid":"591ed2f4c12583ae4b3ae568"},"ten":"CÔNG TY TNHH TM DV SẢN XUẤT VÀ CHĂN NUÔI THANH ĐỨC","diachi":"Tổ 3, Ấp Bình Hòa, Xã Xuân Phú, Xuân Lộc, Đồng Nai"}
{"_id":{"$oid":"591ed750c125837a523ae568"},"ten":"Nông Trại Long Thành","diachi":"Nông Trại Long Thành","title":"yuiyiyui"}
{"_id":{"$oid":"592b9303a40183200d000029"},"ten":"Công ty ABC","diachi":"An Giang ","title":""}
{"_id":{"$oid":"5c232e03614f122884007883"},"ten":"wer","diachi":"wer","title":"rrrr"}
{"_id":{"$oid":"5c23362b614f122884007884"},"ten":"ertert","diachi":"ert","title":"erte"}
