{"_id":{"$oid":"58f2e890d893986c0f00002b"},"ten":"CO.OPMART NGUYỄN ĐÌNH CHIỂU","diachi":"168 Nguyễn Đình Chiểu, P.6, Q.3, TPHCM"}
{"_id":{"$oid":"58f2e8d5d893986c0f00002c"},"ten":"AEON MALL BÌNH TÂN","diachi":"Số 1 đường số 17A, khu phố 11, phường Bình Trị Đông B, quận Bình Tân, TPHCM"}
{"_id":{"$oid":"58f9796e835e6f5a4d8b4567"},"ten":"CO.OPMART NGUYỄN KIỆM","diachi":"571-573 Nguyễn Kiệm, Phường 9, Quận Phú Nhuận, TPHCM"}
{"_id":{"$oid":"59000f19835e6f5e063869fa"},"ten":"CTY CỔ PHẦN NOVA SAFE FOODS","diachi":"315 Nam Kỳ Khởi Nghĩa, P.7, Q.3, HCM"}
