{"_id":{"$oid":"58f07ffcd89398440b00002a"},"ten":"Nhà máy chế biến và xử lý trứng gia cầm Ba Huân","diachi":"E9/199E Thế Lữ, Tân Nhựt, Bình Chánh, TP.HCM","id_congty":{"$oid":"58f0801dd89398440b00002b"}}
{"_id":{"$oid":"58f770687247ae140f00002b"},"ten":"Nhà máy giết mổ Le Boucher","diachi":"Ấp Bình Thạnh, Xã Bình Tịnh, Huyện Tân Trụ, Tỉnh Long An, Viet Nam","id_congty":{"$oid":"58f0801dd89398440b00002b"}}
{"_id":{"$oid":"58fdc6e7835e6f71711ef93a"},"ten":"Hợp tác xã Nông nghiệp tổng hợp Anh Đào CO-OP","diachi":"32 C Nguyễn Công Trứ - Phường 2 - Tp Đà Lạt - Lâm Đồng","id_congty":{"$oid":"58f074f8d893983c0b000029"}}
{"_id":{"$oid":"590009eb835e6ff4043869f9"},"ten":"ĐỒNG XANH FARM","diachi":"P.7, Tp. Đà Lạt, Tỉnh Lâm Đồng","id_congty":{"$oid":"58f074f8d893983c0b000029"}}
{"_id":{"$oid":"591ed340c125832f483ae568"},"ten":"CÔNG TY TNHH TM DV SẢN XUẤT VÀ CHĂN NUÔI THANH ĐỨC","diachi":"Tổ 3, Ấp Bình Hòa, Xã Xuân Phú, Xuân Lộc, Đồng Nai","id_congty":{"$oid":"591ed2f4c12583ae4b3ae568"}}
{"_id":{"$oid":"591ed7c9c125833b483ae568"},"ten":"CÔNG TY TNHH TM DV SẢN XUẤT VÀ CHĂN NUÔI THANH ĐỨC","diachi":"Tổ 3, Ấp Bình Hòa, Xã Xuân Phú, Xuân Lộc, Đồng Nai","id_congty":{"$oid":"591ed2f4c12583ae4b3ae568"}}
