{"_id":{"$oid":"59003529835e6fff063869f9"},"id_nhamay":{"$oid":"58f71da4d89398f408000029"},"tensanpham":"Thịt đùi","quicachdonggoi":"500g/hộp","solo":"090517001","tieuchuan":"VIETGAP","sochungnhantieuchuan":"12345","ngaygiogietmo":{"$date":"2017-05-07T17:00:00.000Z"},"ngaygiodonggoi":{"$date":"2017-05-08T17:00:00.000Z"},"hansudung":"02 ngày từ ngày đóng gói","hienthi":{"$numberLong":"1"},"date_post":{"$date":"2017-04-26T05:50:33.262Z"},"id_user":{"$oid":"58e3072432341cfc09005d7e"},"id_congty":{"$oid":"58fd6e23835e6f186f1ef936"},"lock":0}
{"_id":{"$oid":"5900366f835e6f30063869fa"},"id_nhamay":{"$oid":"58f71da4d89398f408000029"},"tensanpham":"Thịt vai","quicachdonggoi":"500g/hộp","solo":"090517001","tieuchuan":"VIETGAP","sochungnhantieuchuan":"12345","ngaygiogietmo":{"$date":"2017-05-07T17:00:00.000Z"},"ngaygiodonggoi":{"$date":"2017-05-08T17:00:00.000Z"},"hansudung":"02 ngày từ ngày đóng gói","hienthi":{"$numberLong":"1"},"date_post":{"$date":"2017-04-26T05:55:59.731Z"},"id_user":{"$oid":"58e3072432341cfc09005d7e"},"id_congty":{"$oid":"58fd6e23835e6f186f1ef936"},"lock":0}
{"_id":{"$oid":"590042a8835e6ffc063869fa"},"id_nhamay":{"$oid":"58f71da4d89398f408000029"},"tensanpham":"Thịt nạc dăm","quicachdonggoi":"500g/hộp","solo":"090517001","tieuchuan":"VIETGAP","sochungnhantieuchuan":"12345","ngaygiogietmo":{"$date":"2017-05-07T17:00:00.000Z"},"ngaygiodonggoi":{"$date":"2017-05-08T17:00:00.000Z"},"hansudung":"02 ngày từ ngày đóng gói","hienthi":{"$numberLong":"1"},"date_post":{"$date":"2017-04-26T06:48:08.875Z"},"id_user":{"$oid":"58e3072432341cfc09005d7e"},"id_congty":{"$oid":"58fd6e23835e6f186f1ef936"},"lock":0}
{"_id":{"$oid":"5900432b835e6f42083869fa"},"id_nhamay":{"$oid":"58f71da4d89398f408000029"},"tensanpham":"Nạc đùi","quicachdonggoi":"500g/hộp","solo":"090517001","tieuchuan":"VIETGAP","sochungnhantieuchuan":"12345","ngaygiogietmo":{"$date":"2017-05-08T17:00:00.000Z"},"ngaygiodonggoi":{"$date":"2017-05-08T17:00:00.000Z"},"hansudung":"02 ngày từ ngày đóng gói","hienthi":{"$numberLong":"1"},"date_post":{"$date":"2017-04-26T06:50:19.766Z"},"id_user":{"$oid":"58e3072432341cfc09005d7e"},"id_congty":{"$oid":"58fd6e23835e6f186f1ef936"},"lock":0}
{"_id":{"$oid":"590043b1835e6f00073869fb"},"id_nhamay":{"$oid":"58f71da4d89398f408000029"},"tensanpham":"Thăn nội","quicachdonggoi":"500g/hộp","solo":"090517001","tieuchuan":"VIETGAP","sochungnhantieuchuan":"12345","ngaygiogietmo":{"$date":"2017-05-07T17:00:00.000Z"},"ngaygiodonggoi":{"$date":"2017-05-08T17:00:00.000Z"},"hansudung":"02 ngày từ ngày đóng gói","hienthi":{"$numberLong":"1"},"date_post":{"$date":"2017-04-26T06:52:33.338Z"},"id_user":{"$oid":"58e3072432341cfc09005d7e"},"id_congty":{"$oid":"58fd6e23835e6f186f1ef936"},"lock":0}
{"_id":{"$oid":"5900445b835e6f00073869fd"},"id_nhamay":{"$oid":"58f71da4d89398f408000029"},"tensanpham":"Cốt lết","quicachdonggoi":"500g/hộp","solo":"090517001","tieuchuan":"VIETGAP","sochungnhantieuchuan":"12345","ngaygiogietmo":{"$date":"2017-05-07T17:00:00.000Z"},"ngaygiodonggoi":{"$date":"2017-05-08T17:00:00.000Z"},"hansudung":"02 ngày từ ngày đóng gói","hienthi":{"$numberLong":"1"},"date_post":{"$date":"2017-04-26T06:55:23.401Z"},"id_user":{"$oid":"58e3072432341cfc09005d7e"},"id_congty":{"$oid":"58fd6e23835e6f186f1ef936"},"lock":0}
{"_id":{"$oid":"590044de835e6f3a083869fc"},"id_nhamay":{"$oid":"58f71da4d89398f408000029"},"tensanpham":"Ba rọi (ba chỉ)","quicachdonggoi":"500g/hộp","solo":"090517001","tieuchuan":"VIETGAP","sochungnhantieuchuan":"12345","ngaygiogietmo":{"$date":"2017-05-07T17:00:00.000Z"},"ngaygiodonggoi":{"$date":"2017-05-08T17:00:00.000Z"},"hansudung":"02 ngày từ ngày đóng gói","hienthi":{"$numberLong":"1"},"date_post":{"$date":"2017-04-26T06:57:34.562Z"},"id_user":{"$oid":"58e3072432341cfc09005d7e"},"id_congty":{"$oid":"58fd6e23835e6f186f1ef936"},"lock":0}
{"_id":{"$oid":"59004583835e6f5f083869f9"},"id_nhamay":{"$oid":"58f71da4d89398f408000029"},"tensanpham":"Sườn non","quicachdonggoi":"500g/hộp","solo":"090517001","tieuchuan":"VIETGAP","sochungnhantieuchuan":"12345","ngaygiogietmo":{"$date":"2017-05-07T17:00:00.000Z"},"ngaygiodonggoi":{"$date":"2017-05-08T17:00:00.000Z"},"hansudung":"02 ngày từ ngày đóng gói","hienthi":{"$numberLong":"1"},"date_post":{"$date":"2017-04-26T07:00:19.266Z"},"id_user":{"$oid":"58e3072432341cfc09005d7e"},"id_congty":{"$oid":"58fd6e23835e6f186f1ef936"},"lock":0}
{"_id":{"$oid":"59004666835e6fea043869fc"},"id_nhamay":{"$oid":"58f71da4d89398f408000029"},"tensanpham":"Sườn già","quicachdonggoi":"500g/hộp","solo":"090517001","tieuchuan":"VIETGAP","sochungnhantieuchuan":"12345","ngaygiogietmo":{"$date":"2017-05-07T17:00:00.000Z"},"ngaygiodonggoi":{"$date":"2017-05-08T17:00:00.000Z"},"hansudung":"02 ngày từ ngày đóng gói","hienthi":{"$numberLong":"1"},"date_post":{"$date":"2017-04-26T07:04:06.911Z"},"id_user":{"$oid":"58e3072432341cfc09005d7e"},"id_congty":{"$oid":"58fd6e23835e6f186f1ef936"},"lock":0}
{"_id":{"$oid":"590046cd835e6f3e083869f9"},"id_nhamay":{"$oid":"58f71da4d89398f408000029"},"tensanpham":"Xương đuôi","quicachdonggoi":"500g/hộp","solo":"090517001","tieuchuan":"VIETGAP","sochungnhantieuchuan":"12345","ngaygiogietmo":{"$date":"2017-05-07T17:00:00.000Z"},"ngaygiodonggoi":{"$date":"2017-05-08T17:00:00.000Z"},"hansudung":"02 ngày từ ngày đóng gói","hienthi":{"$numberLong":"1"},"date_post":{"$date":"2017-04-26T07:05:49.696Z"},"id_user":{"$oid":"58e3072432341cfc09005d7e"},"id_congty":{"$oid":"58fd6e23835e6f186f1ef936"},"lock":0}
{"_id":{"$oid":"59004736835e6f49083869fc"},"id_nhamay":{"$oid":"58f71da4d89398f408000029"},"tensanpham":"Chân bắp giò","quicachdonggoi":"500g/hộp","solo":"090517001","tieuchuan":"VIETGAP","sochungnhantieuchuan":"12345","ngaygiogietmo":{"$date":"2017-05-07T17:00:00.000Z"},"ngaygiodonggoi":{"$date":"2017-05-08T17:00:00.000Z"},"hansudung":"02 ngày từ ngày đóng gói","hienthi":{"$numberLong":"1"},"date_post":{"$date":"2017-04-26T07:07:34.870Z"},"id_user":{"$oid":"58e3072432341cfc09005d7e"},"id_congty":{"$oid":"58fd6e23835e6f186f1ef936"},"lock":0}
{"_id":{"$oid":"5900478d835e6f3a083869ff"},"id_nhamay":{"$oid":"58f71da4d89398f408000029"},"tensanpham":"Xương ống","quicachdonggoi":"500g/hộp","solo":"090517001","tieuchuan":"VIETGAP","sochungnhantieuchuan":"12345","ngaygiogietmo":{"$date":"2017-05-07T17:00:00.000Z"},"ngaygiodonggoi":{"$date":"2017-05-08T17:00:00.000Z"},"hansudung":"02 ngày từ ngày đóng gói","hienthi":{"$numberLong":"1"},"date_post":{"$date":"2017-04-26T07:09:01.197Z"},"id_user":{"$oid":"58e3072432341cfc09005d7e"},"id_congty":{"$oid":"58fd6e23835e6f186f1ef936"},"lock":0}
{"_id":{"$oid":"590047e4835e6f80083869f9"},"id_nhamay":{"$oid":"58f71da4d89398f408000029"},"tensanpham":"Giò heo rút xương","quicachdonggoi":"500g/hộp","solo":"090517001","tieuchuan":"VIETGAP","sochungnhantieuchuan":"12345","ngaygiogietmo":{"$date":"2017-05-07T17:00:00.000Z"},"ngaygiodonggoi":{"$date":"2017-05-08T17:00:00.000Z"},"hansudung":"02 ngày từ ngày đóng gói","hienthi":{"$numberLong":"1"},"date_post":{"$date":"2017-04-26T07:10:28.261Z"},"id_user":{"$oid":"58e3072432341cfc09005d7e"},"id_congty":{"$oid":"58fd6e23835e6f186f1ef936"},"lock":0}
{"_id":{"$oid":"59004842835e6fff063869fe"},"id_nhamay":{"$oid":"58f71da4d89398f408000029"},"tensanpham":"Dựng heo","quicachdonggoi":"500g/hộp","solo":"090517001","tieuchuan":"VIETGAP","sochungnhantieuchuan":"12345","ngaygiogietmo":{"$date":"2017-05-07T17:00:00.000Z"},"ngaygiodonggoi":{"$date":"2017-05-08T17:00:00.000Z"},"hansudung":"02 ngày từ ngày đóng gói","hienthi":{"$numberLong":"1"},"date_post":{"$date":"2017-04-26T07:12:02.543Z"},"id_user":{"$oid":"58e3072432341cfc09005d7e"},"id_congty":{"$oid":"58fd6e23835e6f186f1ef936"},"lock":0}
{"_id":{"$oid":"59004938835e6fea043869ff"},"id_nhamay":{"$oid":"58f71da4d89398f408000029"},"tensanpham":"Thịt xay","quicachdonggoi":"500g/hộp","solo":"090517001","tieuchuan":"VIETGAP","sochungnhantieuchuan":"12345","ngaygiogietmo":{"$date":"2017-05-08T17:00:00.000Z"},"ngaygiodonggoi":{"$date":"2017-05-08T17:00:00.000Z"},"hansudung":"02 ngày từ ngày đóng gói","hienthi":{"$numberLong":"1"},"date_post":{"$date":"2017-04-26T07:16:08.433Z"},"id_user":{"$oid":"58e3072432341cfc09005d7e"},"id_congty":{"$oid":"58fd6e23835e6f186f1ef936"},"lock":0}
{"_id":{"$oid":"58f71edad89398d40d000029"},"id_nhamay":{"$oid":"58f71da4d89398f408000029"},"tensanpham":"Nạc đùi","quicachdonggoi":"500g/hộp","solo":"090517001","tieuchuan":"HACCP","sochungnhantieuchuan":"1239867","ngaygiogietmo":{"$date":"2017-05-07T17:00:00.000Z"},"ngaygiodonggoi":{"$date":"2017-05-08T17:00:00.000Z"},"hansudung":"2 ngày từ ngày đóng gói","hienthi":{"$numberLong":"1"},"date_post":{"$date":"2017-04-19T08:24:58.000Z"},"id_user":{"$oid":"58e3072432341cfc09005d7e"},"id_congty":{"$oid":"58fd6e23835e6f186f1ef936"},"lock":0}
{"_id":{"$oid":"58f9788a835e6fb14c8b4573"},"id_nhamay":{"$oid":"58f71da4d89398f408000029"},"tensanpham":"Sườn non","quicachdonggoi":"500g/hộp","solo":"090517001","tieuchuan":"HACCP","sochungnhantieuchuan":"CNTC001","ngaygiogietmo":{"$date":"2017-05-07T17:00:00.000Z"},"ngaygiodonggoi":{"$date":"2017-05-08T17:00:00.000Z"},"hansudung":"2 ngày từ ngày đóng gói","hienthi":{"$numberLong":"1"},"date_post":{"$date":"2017-04-21T03:12:10.734Z"},"id_user":{"$oid":"58e3072432341cfc09005d7e"},"id_congty":{"$oid":"58fd6e23835e6f186f1ef936"},"lock":0}
