{"_id":{"$oid":"59000e4a835e6f38063869f9"},"tensanpham":"Cải ngọt","quicachdonggoi":"450g/gói ","solo":"150517001","id_nhamayrauqua":{"$oid":"59000d96835e6fc7023869fc"},"id_dmnhamay":{"$oid":"590009eb835e6ff4043869f9"},"tieuchuan":"VIETGAP","sochungnhantieuchuan":"VietGAP-TT-13-09-68-0096","ngaydonggoi":{"$date":"2017-05-14T17:00:00.000Z"},"hansudung":"2 ngày từ ngày đóng gói","hienthi":{"$numberLong":"1"},"date_post":{"$date":"2017-05-15T01:30:37.163Z"},"id_user":{"$oid":"58e3072432341cfc09005d7e"},"id_congty":{"$oid":"58fd6e23835e6f186f1ef936"},"lock":1}
{"_id":{"$oid":"59001160835e6f45063869fa"},"tensanpham":"Cải thảo","quicachdonggoi":"600g - 800g","solo":"020517001","id_nhamayrauqua":{"$oid":"59001092835e6fc7023869fd"},"id_dmnhamay":{"$oid":"590009eb835e6ff4043869f9"},"tieuchuan":"VIETGAP","sochungnhantieuchuan":"VietGAP-TT-13-09-68-0096","ngaydonggoi":{"$date":"2017-05-01T17:00:00.000Z"},"hansudung":"2 ngày từ ngày đóng gói","hienthi":{"$numberLong":"1"},"date_post":{"$date":"2017-05-09T02:36:18.476Z"},"id_user":{"$oid":"58e3072432341cfc09005d7e"},"id_congty":{"$oid":"58fd6e23835e6f186f1ef936"},"lock":1}
{"_id":{"$oid":"59004b18835e6f80083869fb"},"tensanpham":"Cải thìa","quicachdonggoi":"450g/gói ","solo":"150517001","id_nhamayrauqua":{"$oid":"59004adc835e6f3708386a00"},"id_dmnhamay":{"$oid":"590009eb835e6ff4043869f9"},"tieuchuan":"VIETGAP","sochungnhantieuchuan":"VietGAP-TT-13-09-68-0096","ngaydonggoi":{"$date":"2017-05-14T17:00:00.000Z"},"hansudung":"02 ngày từ ngày đóng gói","hienthi":{"$numberLong":"1"},"date_post":{"$date":"2017-05-15T01:31:11.819Z"},"id_user":{"$oid":"58e3072432341cfc09005d7e"},"id_congty":{"$oid":"58fd6e23835e6f186f1ef936"},"lock":1}
{"_id":{"$oid":"59004b95835e6f42083869fe"},"tensanpham":"Bó xôi","quicachdonggoi":"450g/gói ","solo":"020517001","id_nhamayrauqua":{"$oid":"59004b75835e6f7c083869f9"},"id_dmnhamay":{"$oid":"590009eb835e6ff4043869f9"},"tieuchuan":"VIETGAP","sochungnhantieuchuan":"VietGAP-TT-13-09-68-0096","ngaydonggoi":{"$date":"2017-05-01T17:00:00.000Z"},"hansudung":"02 ngày từ ngày đóng gói","hienthi":{"$numberLong":"1"},"date_post":{"$date":"2017-05-09T02:36:49.326Z"},"id_user":{"$oid":"58e3072432341cfc09005d7e"},"id_congty":{"$oid":"58fd6e23835e6f186f1ef936"},"lock":1}
{"_id":{"$oid":"59004bf4835e6f3708386a02"},"tensanpham":"Rau muống baby","quicachdonggoi":"300g/gói","solo":"050517001","id_nhamayrauqua":{"$oid":"59004bcc835e6f87083869f9"},"id_dmnhamay":{"$oid":"590009eb835e6ff4043869f9"},"tieuchuan":"VIETGAP","sochungnhantieuchuan":"VietGAP-TT-13-09-68-0096","ngaydonggoi":{"$date":"2017-05-04T17:00:00.000Z"},"hansudung":"02 ngày từ ngày đóng gói","hienthi":{"$numberLong":"1"},"date_post":{"$date":"2017-05-09T02:37:18.588Z"},"id_user":{"$oid":"58e3072432341cfc09005d7e"},"id_congty":{"$oid":"58fd6e23835e6f186f1ef936"},"lock":0}
{"_id":{"$oid":"59004c43835e6f60083869fd"},"tensanpham":"Rau dền mini","quicachdonggoi":"300g/gói","solo":"050517001","id_nhamayrauqua":{"$oid":"59004c27835e6f60083869fc"},"id_dmnhamay":{"$oid":"590009eb835e6ff4043869f9"},"tieuchuan":"VIETGAP","sochungnhantieuchuan":"VietGAP-TT-13-09-68-0096","ngaydonggoi":{"$date":"2017-05-04T17:00:00.000Z"},"hansudung":"02 ngày từ ngày đóng gói","hienthi":{"$numberLong":"1"},"date_post":{"$date":"2017-05-09T02:37:36.720Z"},"id_user":{"$oid":"58e3072432341cfc09005d7e"},"id_congty":{"$oid":"58fd6e23835e6f186f1ef936"},"lock":0}
{"_id":{"$oid":"59004cc4835e6f9b083869f9"},"tensanpham":"Mồng tơi mini","quicachdonggoi":"300g/gói","solo":"050517001","id_nhamayrauqua":{"$oid":"59004c84835e6f9c083869f9"},"id_dmnhamay":{"$oid":"590009eb835e6ff4043869f9"},"tieuchuan":"VIETGAP","sochungnhantieuchuan":"VietGAP-TT-13-09-68-0096","ngaydonggoi":{"$date":"2017-05-04T17:00:00.000Z"},"hansudung":"02 ngày từ ngày đóng gói","hienthi":{"$numberLong":"1"},"date_post":{"$date":"2017-05-09T02:38:00.852Z"},"id_user":{"$oid":"58e3072432341cfc09005d7e"},"id_congty":{"$oid":"58fd6e23835e6f186f1ef936"},"lock":0}
{"_id":{"$oid":"59004d2c835e6fff06386a00"},"tensanpham":"Xà lách lô lô","quicachdonggoi":"450g/gói ","solo":"120517001","id_nhamayrauqua":{"$oid":"59004cfd835e6fff063869ff"},"id_dmnhamay":{"$oid":"590009eb835e6ff4043869f9"},"tieuchuan":"N/A","sochungnhantieuchuan":"N/A","ngaydonggoi":{"$date":"2017-05-11T17:00:00.000Z"},"hansudung":"02 ngày từ ngày đóng gói","hienthi":{"$numberLong":"1"},"date_post":{"$date":"2017-05-11T07:27:42.453Z"},"id_user":{"$oid":"58e3072432341cfc09005d7e"},"id_congty":{"$oid":"58fd6e23835e6f186f1ef936"},"lock":0}
{"_id":{"$oid":"59004f9e835e6f9b083869fa"},"tensanpham":"Bắp cải","quicachdonggoi":"cây, bọc màng co","solo":"020517001","id_nhamayrauqua":{"$oid":"59004f71835e6f98083869fa"},"id_dmnhamay":{"$oid":"590009eb835e6ff4043869f9"},"tieuchuan":"VIETGAP","sochungnhantieuchuan":"VietGAP-TT-13-09-68-0096","ngaydonggoi":{"$date":"2017-05-01T17:00:00.000Z"},"hansudung":"02 ngày từ ngày đóng gói","hienthi":{"$numberLong":"1"},"date_post":{"$date":"2017-05-09T02:39:15.490Z"},"id_user":{"$oid":"58e3072432341cfc09005d7e"},"id_congty":{"$oid":"58fd6e23835e6f186f1ef936"},"lock":0}
{"_id":{"$oid":"59004ff8835e6f8f083869fa"},"tensanpham":"Cà chua","quicachdonggoi":"500g/hộp ","solo":"150517001","id_nhamayrauqua":{"$oid":"59004fd8835e6f9c083869fa"},"id_dmnhamay":{"$oid":"590009eb835e6ff4043869f9"},"tieuchuan":"VIETGAP","sochungnhantieuchuan":"VietGAP-TT-13-09-68-0096","ngaydonggoi":{"$date":"2017-05-14T17:00:00.000Z"},"hansudung":"02 ngày từ ngày đóng gói","hienthi":{"$numberLong":"1"},"date_post":{"$date":"2017-05-15T01:29:59.999Z"},"id_user":{"$oid":"58e3072432341cfc09005d7e"},"id_congty":{"$oid":"58fd6e23835e6f186f1ef936"},"lock":0}
{"_id":{"$oid":"59005046835e6f3708386a05"},"tensanpham":"Bầu sao","quicachdonggoi":"trái, bọc màng co","solo":"020517001","id_nhamayrauqua":{"$oid":"5900502e835e6f9b083869fb"},"id_dmnhamay":{"$oid":"590009eb835e6ff4043869f9"},"tieuchuan":"VIETGAP","sochungnhantieuchuan":"VietGAP-TT-13-09-68-0096","ngaydonggoi":{"$date":"2017-05-01T17:00:00.000Z"},"hansudung":"02 ngày từ ngày đóng gói","hienthi":{"$numberLong":"1"},"date_post":{"$date":"2017-05-09T02:39:41.880Z"},"id_user":{"$oid":"58e3072432341cfc09005d7e"},"id_congty":{"$oid":"58fd6e23835e6f186f1ef936"},"lock":0}
{"_id":{"$oid":"59005096835e6f7c083869fb"},"tensanpham":"Cà rốt","quicachdonggoi":"500g/khay","solo":"050517001","id_nhamayrauqua":{"$oid":"5900507c835e6f8f083869fb"},"id_dmnhamay":{"$oid":"590009eb835e6ff4043869f9"},"tieuchuan":"VIETGAP","sochungnhantieuchuan":"VietGAP-TT-13-09-68-0096","ngaydonggoi":{"$date":"2017-05-08T17:00:00.000Z"},"hansudung":"02 ngày từ ngày đóng gói","hienthi":{"$numberLong":"1"},"date_post":{"$date":"2017-05-17T07:58:44.108Z"},"id_user":{"$oid":"58e3072432341cfc09005d7e"},"id_congty":{"$oid":"58fd6e23835e6f186f1ef936"},"lock":0}
{"_id":{"$oid":"5900510c835e6f8f083869fc"},"tensanpham":"Khoai tây","quicachdonggoi":"500g/khay ","solo":"120517001","id_nhamayrauqua":{"$oid":"590050ef835e6f9c083869fc"},"id_dmnhamay":{"$oid":"590009eb835e6ff4043869f9"},"tieuchuan":"N/A","sochungnhantieuchuan":"N/A","ngaydonggoi":{"$date":"2017-05-11T17:00:00.000Z"},"hansudung":"02 ngày từ ngày đóng gói","hienthi":{"$numberLong":"1"},"date_post":{"$date":"2017-05-11T07:27:59.319Z"},"id_user":{"$oid":"58e3072432341cfc09005d7e"},"id_congty":{"$oid":"58fd6e23835e6f186f1ef936"},"lock":0}
{"_id":{"$oid":"5900515e835e6f3708386a06"},"tensanpham":"Hành tây","quicachdonggoi":"túi lưới","solo":"020517001","id_nhamayrauqua":{"$oid":"59005143835e6f98083869fc"},"id_dmnhamay":{"$oid":"590009eb835e6ff4043869f9"},"tieuchuan":"VIETGAP","sochungnhantieuchuan":"VietGAP-TT-13-09-68-0096","ngaydonggoi":{"$date":"2017-05-01T17:00:00.000Z"},"hansudung":"02 ngày từ ngày đóng gói","hienthi":{"$numberLong":"1"},"date_post":{"$date":"2017-05-09T02:40:15.852Z"},"id_user":{"$oid":"58e3072432341cfc09005d7e"},"id_congty":{"$oid":"58fd6e23835e6f186f1ef936"},"lock":0}
{"_id":{"$oid":"5913e143835e6f65188b4567"},"tensanpham":"Thanh long","quicachdonggoi":"2trái/khay ","solo":"120517001","id_nhamayrauqua":{"$oid":"5913e103835e6f6a188b4567"},"id_dmnhamay":{"$oid":"590009eb835e6ff4043869f9"},"tieuchuan":"N/A","sochungnhantieuchuan":"N/A","ngaydonggoi":{"$date":"2017-05-11T17:00:00.000Z"},"hansudung":"02 ngày từ ngày đóng gói","hienthi":{"$numberLong":"1"},"date_post":{"$date":"2017-05-11T07:24:49.843Z"},"id_user":{"$oid":"58e3072432341cfc09005d7e"},"id_congty":{"$oid":"58fd6e23835e6f186f1ef936"},"lock":0}
{"_id":{"$oid":"58fdc4f7835e6fea701ef94c"},"tensanpham":"Bí xanh","quicachdonggoi":"1kg/gói","solo":"000189","id_nhamayrauqua":{"$oid":"58fdc407835e6fd0711ef93e"},"id_dmnhamay":{"$oid":"58fdc6e7835e6f71711ef93a"},"tieuchuan":"VIETGAP","sochungnhantieuchuan":"VietGAP-TT-13-09-68-0096","ngaydonggoi":{"$date":"2017-05-08T17:00:00.000Z"},"hansudung":"02 ngày từ ngày đóng gói","hienthi":{"$numberLong":"1"},"date_post":{"$date":"2017-05-09T02:43:28.920Z"},"id_user":{"$oid":"58e3072432341cfc09005d7e"},"id_congty":{"$oid":"58fd6e23835e6f186f1ef936"},"lock":0}
{"_id":{"$oid":"58fdc5fb835e6f71711ef939"},"tensanpham":"Cải bẹ xanh","quicachdonggoi":"450g/gói ","solo":"090517001","id_nhamayrauqua":{"$oid":"58fdc5a0835e6f0f721ef936"},"id_dmnhamay":{"$oid":"590009eb835e6ff4043869f9"},"tieuchuan":"VIETGAP","sochungnhantieuchuan":"VietGAP-TT-13-09-68-0096","ngaydonggoi":{"$date":"2017-05-08T17:00:00.000Z"},"hansudung":"02 ngày từ ngày đóng gói","hienthi":{"$numberLong":"1"},"date_post":{"$date":"2017-05-09T02:43:36.573Z"},"id_user":{"$oid":"58e3072432341cfc09005d7e"},"id_congty":{"$oid":"58fd6e23835e6f186f1ef936"},"lock":0}
{"_id":{"$oid":"591ed99fc12583cb563ae569"},"tensanpham":"Gạo","quicachdonggoi":"5kg/gói","solo":"N/A","id_nhamayrauqua":{"$oid":"591ed845c12583ab4d3ae569"},"id_dmnhamay":{"$oid":"591ed7c9c125833b483ae568"},"tieuchuan":"N/A","sochungnhantieuchuan":"N/A","ngaydonggoi":{"$date":"2017-05-18T23:00:00.000Z"},"hansudung":"3 tháng từ ngày đóng gói","hienthi":{"$numberLong":"1"},"date_post":{"$date":"2017-05-19T11:40:15.699Z"},"id_user":{"$oid":"58e3072432341cfc09005d7e"},"id_congty":{"$oid":"58fd6e23835e6f186f1ef936"},"lock":0}
{"_id":{"$oid":"592fcba0a40183ac1300002b"},"tensanpham":"ABC","quicachdonggoi":"ABC","solo":"ABC","id_nhamayrauqua":{"$oid":"592fcb5fa40183ac1300002a"},"id_dmnhamay":{"$oid":"58f07ffcd89398440b00002a"},"tieuchuan":"ABC","sochungnhantieuchuan":"ABC","ngaydonggoi":{"$date":"2017-06-01T00:00:00.000Z"},"hansudung":"ABC","hienthi":1,"date_post":{"$date":"2017-06-01T08:09:04.000Z"},"id_user":{"$oid":"58e3072432341cfc09005d7e"},"id_congty":{"$oid":"591d6c69c12583e352f65fd6"}}
