{"_id":{"$oid":"58fd8436835e6f416f1ef936"},"id_nongtraitrung":{"$oid":"58f72d80d89398e40f00002a"},"tensanpham":"Trứng gà","quicachdonggoi":"6 trứng/hộp","solo":"123456","id_dmnhamay":{"$oid":"58f07ffcd89398440b00002a"},"tieuchuan":"HACCP","sochungnhantieuchuan":"12345","ngaydonggoi":{"$date":"2017-04-23T17:00:00.000Z"},"hansudung":"10 ngày ","hienthi":{"$numberLong":"1"},"date_post":{"$date":"2017-04-24T10:15:17.845Z"},"id_user":{"$oid":"58e3072432341cfc09005d7e"},"id_congty":{"$oid":"58f074f8d893983c0b000029"},"lock":1}
{"_id":{"$oid":"591ed401c125839f4d3ae568"},"id_nongtraitrung":{"$oid":"591ed392c1258390533ae568"},"tensanpham":"Trứng gà sạch","quicachdonggoi":"10 trứng/hộp","solo":"190517001","id_dmnhamay":{"$oid":"591ed340c125832f483ae568"},"tieuchuan":"N/A","sochungnhantieuchuan":"N/A","ngaydonggoi":{"$date":"2017-05-18T23:00:00.000Z"},"hansudung":"14 ngày từ ngày đóng gói","hienthi":{"$numberLong":"1"},"date_post":{"$date":"2017-05-19T11:16:17.185Z"},"id_user":{"$oid":"58e3072432341cfc09005d7e"},"id_congty":{"$oid":"58fd6e23835e6f186f1ef936"},"lock":1}
