{"_id":{"$oid":"58f9bf8a835e6fe54f8b4567"},"filename":"Coop Nova Safefood_Logo_final.png","filetype":"image/png","caption":"Coop Nova Safefood_Logo_final.png","uploadDate":{"$date":"2017-04-21T08:15:06.777Z"},"length":{"$numberLong":"14783292"},"chunkSize":{"$numberLong":"261120"},"md5":"ac4cb320ae7e515a20b0986f2fcbcfa4"}
{"_id":{"$oid":"591d5d3ec125835835f65fd7"},"filename":"default_logo.png","filetype":"image/png","caption":"default_logo.png","uploadDate":{"$date":"2017-05-18T08:37:18.180Z"},"length":{"$numberLong":"95302"},"chunkSize":{"$numberLong":"261120"},"md5":"173950c1099db9ed97ec7f3ebfff7f02"}
{"_id":{"$oid":"592d14c2a40183200d000037"},"filename":"logocoopnova.png","filetype":"image/png","caption":"logocoopnova.png","uploadDate":{"$date":"2017-05-30T06:44:18.000Z"},"length":95302,"chunkSize":261120,"md5":"0c3cef7602b90ea311a160f4d51fbf43"}
{"_id":{"$oid":"592d14c6a40183200d000039"},"filename":"logocoopnova.png","filetype":"image/png","caption":"logocoopnova.png","uploadDate":{"$date":"2017-05-30T06:44:22.000Z"},"length":95302,"chunkSize":261120,"md5":"0c3cef7602b90ea311a160f4d51fbf43"}
{"_id":{"$oid":"592d1535a40183600a000029"},"filename":"logocoopnova.png","filetype":"image/png","caption":"logocoopnova.png","uploadDate":{"$date":"2017-05-30T06:46:13.000Z"},"length":95302,"chunkSize":261120,"md5":"0c3cef7602b90ea311a160f4d51fbf43"}
{"_id":{"$oid":"592d1549a40183880f00002f"},"filename":"logocoopnova.png","filetype":"image/png","caption":"logocoopnova.png","uploadDate":{"$date":"2017-05-30T06:46:33.000Z"},"length":95302,"chunkSize":261120,"md5":"0c3cef7602b90ea311a160f4d51fbf43"}
{"_id":{"$oid":"592d154fa40183880f000033"},"filename":"logocoopnova.png","filetype":"image/png","caption":"logocoopnova.png","uploadDate":{"$date":"2017-05-30T06:46:39.000Z"},"length":95302,"chunkSize":261120,"md5":"0c3cef7602b90ea311a160f4d51fbf43"}
{"_id":{"$oid":"592d1552a401838c0b00002d"},"filename":"default_logo.png","filetype":"image/png","caption":"default_logo.png","uploadDate":{"$date":"2017-05-30T06:46:42.000Z"},"length":95302,"chunkSize":261120,"md5":"173950c1099db9ed97ec7f3ebfff7f02"}
{"_id":{"$oid":"592d1555a40183f40f000029"},"filename":"logocoopnova.png","filetype":"image/png","caption":"logocoopnova.png","uploadDate":{"$date":"2017-05-30T06:46:45.000Z"},"length":95302,"chunkSize":261120,"md5":"0c3cef7602b90ea311a160f4d51fbf43"}
{"_id":{"$oid":"592d1558a40183f40f00002b"},"filename":"logocoopnova.png","filetype":"image/png","caption":"logocoopnova.png","uploadDate":{"$date":"2017-05-30T06:46:48.000Z"},"length":95302,"chunkSize":261120,"md5":"0c3cef7602b90ea311a160f4d51fbf43"}
{"_id":{"$oid":"592d155ba401838c0b00002f"},"filename":"default_logo.png","filetype":"image/png","caption":"default_logo.png","uploadDate":{"$date":"2017-05-30T06:46:51.000Z"},"length":95302,"chunkSize":261120,"md5":"173950c1099db9ed97ec7f3ebfff7f02"}
{"_id":{"$oid":"592d155ea40183200d00003b"},"filename":"default_logo.png","filetype":"image/png","caption":"default_logo.png","uploadDate":{"$date":"2017-05-30T06:46:54.000Z"},"length":95302,"chunkSize":261120,"md5":"173950c1099db9ed97ec7f3ebfff7f02"}
{"_id":{"$oid":"592d1561a40183880f000035"},"filename":"default_logo.png","filetype":"image/png","caption":"default_logo.png","uploadDate":{"$date":"2017-05-30T06:46:57.000Z"},"length":95302,"chunkSize":261120,"md5":"173950c1099db9ed97ec7f3ebfff7f02"}
{"_id":{"$oid":"592d1564a40183f40f00002d"},"filename":"default_logo.png","filetype":"image/png","caption":"default_logo.png","uploadDate":{"$date":"2017-05-30T06:47:00.000Z"},"length":95302,"chunkSize":261120,"md5":"173950c1099db9ed97ec7f3ebfff7f02"}
{"_id":{"$oid":"592d1569a40183200d00003d"},"filename":"default_logo.png","filetype":"image/png","caption":"default_logo.png","uploadDate":{"$date":"2017-05-30T06:47:05.000Z"},"length":95302,"chunkSize":261120,"md5":"173950c1099db9ed97ec7f3ebfff7f02"}
{"_id":{"$oid":"592d1574a40183200d00003f"},"filename":"default_logo.png","filetype":"image/png","caption":"default_logo.png","uploadDate":{"$date":"2017-05-30T06:47:16.000Z"},"length":95302,"chunkSize":261120,"md5":"173950c1099db9ed97ec7f3ebfff7f02"}
{"_id":{"$oid":"59e8164da40183000500002a"},"filename":"10.jpg","filetype":"image/jpeg","caption":"10.jpg","uploadDate":{"$date":"2017-10-19T03:04:45.000Z"},"length":98544,"chunkSize":261120,"md5":"ec4589adf18756f40201d12c88f013d6"}
