{"_id":{"$oid":"592cf2cba40183200d00002a"},"giaidoan":"nongtrai","tengiaidoan":"GIẾT MỔ - NÔNG TRẠI","title":"THÔNG TIN NGUỒN GỐC SẢN PHẨM NÔNG TRẠI","hinhanh":"592d14c2a40183200d000037","date_post":{"$date":"2017-05-30T04:19:23.000Z"}}
{"_id":{"$oid":"592cf2cba40183200d00002b"},"giaidoan":"nhamay","tengiaidoan":"GIẾT MỔ - GIẾT MỔ","title":"THÔNG TIN NGUỒN GỐC SẢN PHẨM","hinhanh":"592d1574a40183200d00003f","date_post":{"$date":"2017-05-30T04:19:23.000Z"}}
{"_id":{"$oid":"592cf2cba40183200d00002c"},"giaidoan":"donggoi","tengiaidoan":"GIẾT MỔ - ĐÓNG GÓI","title":"THÔNG TIN NGUỒN GỐC SẢN PHẨM","hinhanh":"592d1549a40183880f00002f","date_post":{"$date":"2017-05-30T04:19:23.000Z"}}
{"_id":{"$oid":"592cf2cba40183200d00002d"},"giaidoan":"banle","tengiaidoan":"GIẾT MỔ - BÁN LẺ","title":"THÔNG TIN NGUỒN GỐC SẢN PHẨM","hinhanh":"592d155ba401838c0b00002f","date_post":{"$date":"2017-05-30T04:19:23.000Z"}}
{"_id":{"$oid":"592cf2cba40183200d00002e"},"giaidoan":"nongtraitrung","tengiaidoan":"TRỨNG - NÔNG TRẠI","title":"THÔNG TIN NGUỒN GỐC SẢN PHẨM","hinhanh":"592d154fa40183880f000033","date_post":{"$date":"2017-05-30T04:19:23.000Z"}}
{"_id":{"$oid":"592cf2cba40183200d00002f"},"giaidoan":"donggoitrung","tengiaidoan":"TRỨNG - ĐÓNG GÓI","title":"THÔNG TIN NGUỒN GỐC SẢN PHẨM","hinhanh":"592d1552a401838c0b00002d","date_post":{"$date":"2017-05-30T04:19:23.000Z"}}
{"_id":{"$oid":"592cf2cba40183200d000030"},"giaidoan":"banletrung","tengiaidoan":"TRỨNG - BÁN LẺ","title":"THÔNG TIN NGUỒN GỐC SẢN PHẨM","hinhanh":"592d1555a40183f40f000029","date_post":{"$date":"2017-05-30T04:19:23.000Z"}}
{"_id":{"$oid":"592cf2cba40183200d000031"},"giaidoan":"nongtrairauqua","tengiaidoan":"RAU QUẢ - NÔNG TRẠI","title":"THÔNG TIN NGUỒN GỐC SẢN PHẨM","hinhanh":"592d1558a40183f40f00002b","date_post":{"$date":"2017-05-30T04:19:23.000Z"}}
{"_id":{"$oid":"592cf2cba40183200d000032"},"giaidoan":"nhamayrauqua","tengiaidoan":"RAU QUẢ - SƠ CHẾ","title":"THÔNG TIN NGUỒN GỐC SẢN PHẨM","hinhanh":"592d155ea40183200d00003b","date_post":{"$date":"2017-05-30T04:19:23.000Z"}}
{"_id":{"$oid":"592cf2cba40183200d000033"},"giaidoan":"donggoirauqua","tengiaidoan":"RAU QUẢ - ĐÓNG GÓI","title":"THÔNG TIN NGUỒN GỐC SẢN PHẨM","hinhanh":"592d1561a40183880f000035","date_post":{"$date":"2017-05-30T04:19:23.000Z"}}
{"_id":{"$oid":"592cf2cba40183200d000034"},"giaidoan":"banlerauqua","tengiaidoan":"RAU QUẢ - BÁN LẺ","title":"THÔNG TIN NGUỒN GỐC SẢN PHẨM RAU QUẢ","hinhanh":"592d1569a40183200d00003d","date_post":{"$date":"2017-05-30T04:19:23.000Z"}}
