{"_id":{"$oid":"590034b7835e6ff7063869f9"},"id_dmnhamay":{"$oid":"58f770687247ae140f00002b"},"tieuchuan":"VIETGAP","solo":"080517001","sogiaykiemdichthusong":"N/A","giaychungnhan":"N/A","nhanvienkiemsoat":"Nguyễn Văn Anh","ngaygiogietmo":{"$date":"2017-05-07T17:00:00.000Z"},"id_nongtrai":{"$oid":"5900345f835e6f0b083869f9"},"hienthi":{"$numberLong":"1"},"date_post":{"$date":"2017-04-26T05:48:39.280Z"},"id_user":{"$oid":"58e3072432341cfc09005d7e"},"id_congty":{"$oid":"58fd6e23835e6f186f1ef936"},"lock":1}
{"_id":{"$oid":"59003620835e6ff2063869f9"},"id_dmnhamay":{"$oid":"58f770687247ae140f00002b"},"tieuchuan":"VIETGAP","solo":"080517001","sogiaykiemdichthusong":"N/A","giaychungnhan":"N/A","nhanvienkiemsoat":"Nguyễn Văn Anh","ngaygiogietmo":{"$date":"2017-05-07T17:00:00.000Z"},"id_nongtrai":{"$oid":"590035d2835e6fea043869f9"},"hienthi":{"$numberLong":"1"},"date_post":{"$date":"2017-04-26T05:54:40.200Z"},"id_user":{"$oid":"58e3072432341cfc09005d7e"},"id_congty":{"$oid":"58fd6e23835e6f186f1ef936"},"lock":1}
{"_id":{"$oid":"5900426c835e6f42083869f9"},"id_dmnhamay":{"$oid":"58f770687247ae140f00002b"},"tieuchuan":"VIETGAP","solo":"080517001","sogiaykiemdichthusong":"N/A","giaychungnhan":"N/A","nhanvienkiemsoat":"Nguyễn Văn Anh","ngaygiogietmo":{"$date":"2017-05-07T17:00:00.000Z"},"id_nongtrai":{"$oid":"5900345f835e6f0b083869f9"},"hienthi":{"$numberLong":"1"},"date_post":{"$date":"2017-04-26T06:47:08.848Z"},"id_user":{"$oid":"58e3072432341cfc09005d7e"},"id_congty":{"$oid":"58fd6e23835e6f186f1ef936"},"lock":1}
{"_id":{"$oid":"590042fc835e6f3a083869f9"},"id_dmnhamay":{"$oid":"58f770687247ae140f00002b"},"tieuchuan":"VIETGAP","solo":"080517001","sogiaykiemdichthusong":"N/A","giaychungnhan":"N/A","nhanvienkiemsoat":"Nguyễn Văn Anh","ngaygiogietmo":{"$date":"2017-05-07T17:00:00.000Z"},"id_nongtrai":{"$oid":"590042e1835e6f39083869f9"},"hienthi":{"$numberLong":"1"},"date_post":{"$date":"2017-04-26T06:49:32.696Z"},"id_user":{"$oid":"58e3072432341cfc09005d7e"},"id_congty":{"$oid":"58fd6e23835e6f186f1ef936"},"lock":1}
{"_id":{"$oid":"59004388835e6f39083869fa"},"id_dmnhamay":{"$oid":"58f770687247ae140f00002b"},"tieuchuan":"VIETGAP","solo":"080517001","sogiaykiemdichthusong":"N/A","giaychungnhan":"N/A","nhanvienkiemsoat":"Nguyễn Văn Anh","ngaygiogietmo":{"$date":"2017-05-07T17:00:00.000Z"},"id_nongtrai":{"$oid":"5900436a835e6f37083869fa"},"hienthi":{"$numberLong":"1"},"date_post":{"$date":"2017-04-26T06:51:52.420Z"},"id_user":{"$oid":"58e3072432341cfc09005d7e"},"id_congty":{"$oid":"58fd6e23835e6f186f1ef936"},"lock":1}
{"_id":{"$oid":"59004427835e6f3a083869fb"},"id_dmnhamay":{"$oid":"58f770687247ae140f00002b"},"tieuchuan":"VIETGAP","solo":"080517001","sogiaykiemdichthusong":"N/A","giaychungnhan":"N/A","nhanvienkiemsoat":"Nguyễn Văn Anh","ngaygiogietmo":{"$date":"2017-05-07T17:00:00.000Z"},"id_nongtrai":{"$oid":"590043e5835e6f00073869fc"},"hienthi":{"$numberLong":"1"},"date_post":{"$date":"2017-04-26T06:54:31.131Z"},"id_user":{"$oid":"58e3072432341cfc09005d7e"},"id_congty":{"$oid":"58fd6e23835e6f186f1ef936"},"lock":1}
{"_id":{"$oid":"590044b0835e6ffc063869fc"},"id_dmnhamay":{"$oid":"58f770687247ae140f00002b"},"tieuchuan":"VIETGAP","solo":"080517001","sogiaykiemdichthusong":"N/A","giaychungnhan":"N/A","nhanvienkiemsoat":"Nguyễn Văn Anh","ngaygiogietmo":{"$date":"2017-05-07T17:00:00.000Z"},"id_nongtrai":{"$oid":"59004491835e6fea043869fb"},"hienthi":{"$numberLong":"1"},"date_post":{"$date":"2017-04-26T06:56:48.595Z"},"id_user":{"$oid":"58e3072432341cfc09005d7e"},"id_congty":{"$oid":"58fd6e23835e6f186f1ef936"},"lock":0}
{"_id":{"$oid":"59004556835e6f49083869fa"},"id_dmnhamay":{"$oid":"58f770687247ae140f00002b"},"tieuchuan":"VIETGAP","solo":"080517001","sogiaykiemdichthusong":"N/A","giaychungnhan":"N/A","nhanvienkiemsoat":"Nguyễn Văn Anh","ngaygiogietmo":{"$date":"2017-05-07T17:00:00.000Z"},"id_nongtrai":{"$oid":"59004531835e6f37083869fb"},"hienthi":{"$numberLong":"1"},"date_post":{"$date":"2017-04-26T06:59:34.378Z"},"id_user":{"$oid":"58e3072432341cfc09005d7e"},"id_congty":{"$oid":"58fd6e23835e6f186f1ef936"},"lock":0}
{"_id":{"$oid":"590045ca835e6f5f083869fa"},"id_dmnhamay":{"$oid":"58f770687247ae140f00002b"},"tieuchuan":"VIETGAP","solo":"080517001","sogiaykiemdichthusong":"N/A","giaychungnhan":"N/A","nhanvienkiemsoat":"Nguyễn Văn Anh","ngaygiogietmo":{"$date":"2017-05-07T17:00:00.000Z"},"id_nongtrai":{"$oid":"590045ac835e6f49083869fb"},"hienthi":{"$numberLong":"1"},"date_post":{"$date":"2017-04-26T07:01:30.633Z"},"id_user":{"$oid":"58e3072432341cfc09005d7e"},"id_congty":{"$oid":"58fd6e23835e6f186f1ef936"},"lock":0}
{"_id":{"$oid":"590046a6835e6f42083869fc"},"id_dmnhamay":{"$oid":"58f770687247ae140f00002b"},"tieuchuan":"VIETGAP","solo":"080517001","sogiaykiemdichthusong":"N/A","giaychungnhan":"N/A","nhanvienkiemsoat":"Nguyễn Văn Anh","ngaygiogietmo":{"$date":"2017-05-07T17:00:00.000Z"},"id_nongtrai":{"$oid":"5900468f835e6f3a083869fd"},"hienthi":{"$numberLong":"1"},"date_post":{"$date":"2017-04-26T07:05:10.157Z"},"id_user":{"$oid":"58e3072432341cfc09005d7e"},"id_congty":{"$oid":"58fd6e23835e6f186f1ef936"},"lock":0}
{"_id":{"$oid":"59004717835e6fea043869fd"},"id_dmnhamay":{"$oid":"58f770687247ae140f00002b"},"tieuchuan":"VIETGAP","solo":"080517001","sogiaykiemdichthusong":"N/A","giaychungnhan":"N/A","nhanvienkiemsoat":"Nguyễn Văn Anh","ngaygiogietmo":{"$date":"2017-05-07T17:00:00.000Z"},"id_nongtrai":{"$oid":"59004703835e6ffc063869fd"},"hienthi":{"$numberLong":"1"},"date_post":{"$date":"2017-04-26T07:07:03.743Z"},"id_user":{"$oid":"58e3072432341cfc09005d7e"},"id_congty":{"$oid":"58fd6e23835e6f186f1ef936"},"lock":0}
{"_id":{"$oid":"5900476d835e6f77083869f9"},"id_dmnhamay":{"$oid":"58f770687247ae140f00002b"},"tieuchuan":"VIETGAP","solo":"080517001","sogiaykiemdichthusong":"N/A","giaychungnhan":"N/A","nhanvienkiemsoat":"Nguyễn Văn Anh","ngaygiogietmo":{"$date":"2017-05-07T17:00:00.000Z"},"id_nongtrai":{"$oid":"5900475a835e6f3a083869fe"},"hienthi":{"$numberLong":"1"},"date_post":{"$date":"2017-04-26T07:08:29.708Z"},"id_user":{"$oid":"58e3072432341cfc09005d7e"},"id_congty":{"$oid":"58fd6e23835e6f186f1ef936"},"lock":0}
{"_id":{"$oid":"590047c4835e6f3e083869fa"},"id_dmnhamay":{"$oid":"58f770687247ae140f00002b"},"tieuchuan":"VIETGAP","solo":"080517001","sogiaykiemdichthusong":"N/A","giaychungnhan":"N/A","nhanvienkiemsoat":"Nguyễn Văn Anh","ngaygiogietmo":{"$date":"2017-05-07T17:00:00.000Z"},"id_nongtrai":{"$oid":"590047ae835e6fff063869fd"},"hienthi":{"$numberLong":"1"},"date_post":{"$date":"2017-04-26T07:09:56.641Z"},"id_user":{"$oid":"58e3072432341cfc09005d7e"},"id_congty":{"$oid":"58fd6e23835e6f186f1ef936"},"lock":0}
{"_id":{"$oid":"5900481b835e6f60083869fa"},"id_dmnhamay":{"$oid":"58f770687247ae140f00002b"},"tieuchuan":"VIETGAP","solo":"080517001","sogiaykiemdichthusong":"N/A","giaychungnhan":"N/A","nhanvienkiemsoat":"Nguyễn Văn Anh","ngaygiogietmo":{"$date":"2017-05-07T17:00:00.000Z"},"id_nongtrai":{"$oid":"59004808835e6f3e083869fb"},"hienthi":{"$numberLong":"1"},"date_post":{"$date":"2017-04-26T07:11:23.600Z"},"id_user":{"$oid":"58e3072432341cfc09005d7e"},"id_congty":{"$oid":"58fd6e23835e6f186f1ef936"},"lock":0}
{"_id":{"$oid":"5900490f835e6f77083869fb"},"id_dmnhamay":{"$oid":"58f770687247ae140f00002b"},"tieuchuan":"VIETGAP","solo":"080517001","sogiaykiemdichthusong":"N/A","giaychungnhan":"N/A","nhanvienkiemsoat":"Nguyễn Văn Anh","ngaygiogietmo":{"$date":"2017-05-07T17:00:00.000Z"},"id_nongtrai":{"$oid":"590048f0835e6f37083869fe"},"hienthi":{"$numberLong":"1"},"date_post":{"$date":"2017-04-26T07:15:27.371Z"},"id_user":{"$oid":"58e3072432341cfc09005d7e"},"id_congty":{"$oid":"58fd6e23835e6f186f1ef936"},"lock":0}
{"_id":{"$oid":"58f71da4d89398f408000029"},"id_dmnhamay":{"$oid":"58f770687247ae140f00002b"},"tieuchuan":"HACCP","solo":"080517001","sogiaykiemdichthusong":"  N/A  ","giaychungnhan":"N/A","nhanvienkiemsoat":"NGUYÊN VĂN ANH","ngaygiogietmo":{"$date":"2017-05-07T17:00:00.000Z"},"id_nongtrai":{"$oid":"58fd72ad835e6f0d6f1ef936"},"hienthi":{"$numberLong":"1"},"date_post":{"$date":"2017-04-19T08:19:48.000Z"},"id_user":{"$oid":"58e3072432341cfc09005d7e"},"id_congty":{"$oid":"58fd6e23835e6f186f1ef936"},"lock":0}
{"_id":{"$oid":"58fd7300835e6f756f1ef937"},"id_dmnhamay":{"$oid":"58f770687247ae140f00002b"},"tieuchuan":"HACCP","solo":"080517001","sogiaykiemdichthusong":"N/A","giaychungnhan":"N/A","nhanvienkiemsoat":"Lại Văn Công","ngaygiogietmo":{"$date":"2017-05-07T17:00:00.000Z"},"id_nongtrai":{"$oid":"58fd72ad835e6f0d6f1ef936"},"hienthi":{"$numberLong":"1"},"date_post":{"$date":"2017-04-24T03:37:36.735Z"},"id_user":{"$oid":"58e3072432341cfc09005d7e"},"id_congty":{"$oid":"58fd6e23835e6f186f1ef936"},"lock":1}
{"_id":{"$oid":"59244314c1258324764aeb9b"},"id_dmnhamay":{"$oid":"591ed7c9c125833b483ae568"},"tieuchuan":"HACCP","solo":"230517001","sogiaykiemdichthusong":"4059883071894","giaychungnhan":"4059883071894","nhanvienkiemsoat":"Nguyễn Văn Anh","ngaygiogietmo":{"$date":"2017-05-22T23:00:00.000Z"},"id_nongtrai":{"$oid":"591d6c6cc12583e352f664af"},"hienthi":{"$numberLong":"1"},"date_post":{"$date":"2017-05-23T14:11:32.869Z"},"id_user":{"$oid":"58e3072432341cfc09005d7e"},"id_congty":{"$oid":"591d6c69c12583e352f65fd6"},"lock":1}
