{"_id":{"$oid":"59000d96835e6fc7023869fc"},"id_nongtrairauqua":{"$oid":"59000d56835e6f5e063869f9"},"id_dmnhamay":{"$oid":"590009eb835e6ff4043869f9"},"tieuchuan":"VIETGAP","sochungnhantieuchuan":"VietGAP-TT-13-09-68-0096","matruyxuatsanpham":"Caingot.0001","ngaysoche":{"$date":"2017-04-30T17:00:00.000Z"},"hienthi":{"$numberLong":"1"},"date_post":{"$date":"2017-05-15T01:26:06.596Z"},"id_user":{"$oid":"58e3072432341cfc09005d7e"},"id_congty":{"$oid":"58fd6e23835e6f186f1ef936"}," ngaysoche":{"$date":"2017-05-13T17:00:00.000Z"},"lock":1}
{"_id":{"$oid":"59001092835e6fc7023869fd"},"id_nongtrairauqua":{"$oid":"59004fc8835e6fff06386a01"},"id_dmnhamay":{"$oid":"590009eb835e6ff4043869f9"},"tieuchuan":"VIETGAP","sochungnhantieuchuan":"VietGAP-TT-13-09-68-0096","matruyxuatsanpham":"Bapcaithao.0001","ngaysoche":{"$date":"2017-04-30T17:00:00.000Z"},"hienthi":{"$numberLong":"1"},"date_post":{"$date":"2017-05-09T02:32:23.659Z"},"id_user":{"$oid":"58e3072432341cfc09005d7e"},"id_congty":{"$oid":"58fd6e23835e6f186f1ef936"}," ngaysoche":{"$date":"2017-04-30T17:00:00.000Z"},"lock":1}
{"_id":{"$oid":"59004adc835e6f3708386a00"},"id_nongtrairauqua":{"$oid":"59004ab8835e6f37083869ff"},"id_dmnhamay":{"$oid":"590009eb835e6ff4043869f9"},"tieuchuan":"VIETGAP","sochungnhantieuchuan":"VietGAP-TT-13-09-68-0096","matruyxuatsanpham":"Caithia.0001","ngaysoche":{"$date":"2017-06-01T17:00:00.000Z"},"hienthi":{"$numberLong":"1"},"date_post":{"$date":"2017-05-15T01:27:35.318Z"},"id_user":{"$oid":"58e3072432341cfc09005d7e"},"id_congty":{"$oid":"58fd6e23835e6f186f1ef936"}," ngaysoche":{"$date":"2017-05-13T17:00:00.000Z"},"lock":1}
{"_id":{"$oid":"59004b75835e6f7c083869f9"},"id_nongtrairauqua":{"$oid":"59004fc8835e6fff06386a01"},"id_dmnhamay":{"$oid":"590009eb835e6ff4043869f9"},"tieuchuan":"VIETGAP","sochungnhantieuchuan":"VietGAP-TT-13-09-68-0096","matruyxuatsanpham":"Boxoi.0001","ngaysoche":{"$date":"2017-05-01T17:00:00.000Z"},"hienthi":{"$numberLong":"1"},"date_post":{"$date":"2017-05-09T02:33:10.693Z"},"id_user":{"$oid":"58e3072432341cfc09005d7e"},"id_congty":{"$oid":"58fd6e23835e6f186f1ef936"}," ngaysoche":{"$date":"2017-05-01T17:00:00.000Z"},"lock":0}
{"_id":{"$oid":"59004bcc835e6f87083869f9"},"id_nongtrairauqua":{"$oid":"59004fc8835e6fff06386a01"},"id_dmnhamay":{"$oid":"590009eb835e6ff4043869f9"},"tieuchuan":"VIETGAP","sochungnhantieuchuan":"VietGAP-TT-13-09-68-0096","matruyxuatsanpham":"Raumuong.0001","ngaysoche":{"$date":"2017-05-01T17:00:00.000Z"},"hienthi":{"$numberLong":"1"},"date_post":{"$date":"2017-05-09T02:32:58.875Z"},"id_user":{"$oid":"58e3072432341cfc09005d7e"},"id_congty":{"$oid":"58fd6e23835e6f186f1ef936"}," ngaysoche":{"$date":"2017-05-01T17:00:00.000Z"},"lock":0}
{"_id":{"$oid":"59004c27835e6f60083869fc"},"id_nongtrairauqua":{"$oid":"59004fc8835e6fff06386a01"},"id_dmnhamay":{"$oid":"590009eb835e6ff4043869f9"},"tieuchuan":"VIETGAP","sochungnhantieuchuan":"VietGAP-TT-13-09-68-0096","matruyxuatsanpham":"Rauden.0001","ngaysoche":{"$date":"2017-05-01T17:00:00.000Z"},"hienthi":{"$numberLong":"1"},"date_post":{"$date":"2017-05-09T02:32:54.660Z"},"id_user":{"$oid":"58e3072432341cfc09005d7e"},"id_congty":{"$oid":"58fd6e23835e6f186f1ef936"}," ngaysoche":{"$date":"2017-05-01T17:00:00.000Z"},"lock":0}
{"_id":{"$oid":"59004c84835e6f9c083869f9"},"id_nongtrairauqua":{"$oid":"59004fc8835e6fff06386a01"},"id_dmnhamay":{"$oid":"590009eb835e6ff4043869f9"},"tieuchuan":"VIETGAP","sochungnhantieuchuan":"VietGAP-TT-13-09-68-0096","matruyxuatsanpham":"Mongtoi.0001","ngaysoche":{"$date":"2017-05-01T17:00:00.000Z"},"hienthi":{"$numberLong":"1"},"date_post":{"$date":"2017-05-09T02:32:49.357Z"},"id_user":{"$oid":"58e3072432341cfc09005d7e"},"id_congty":{"$oid":"58fd6e23835e6f186f1ef936"}," ngaysoche":{"$date":"2017-05-01T17:00:00.000Z"},"lock":0}
{"_id":{"$oid":"59004cfd835e6fff063869ff"},"id_nongtrairauqua":{"$oid":"590050bd835e6f80083869ff"},"id_dmnhamay":{"$oid":"590009eb835e6ff4043869f9"},"tieuchuan":"VIETGAP","sochungnhantieuchuan":"VietGAP-TT-13-09-68-0096","matruyxuatsanpham":"Xalachlolo.0001","ngaysoche":{"$date":"2017-05-01T17:00:00.000Z"},"hienthi":{"$numberLong":"1"},"date_post":{"$date":"2017-05-11T03:49:39.290Z"},"id_user":{"$oid":"58e3072432341cfc09005d7e"},"id_congty":{"$oid":"58fd6e23835e6f186f1ef936"}," ngaysoche":{"$date":"2017-05-10T17:00:00.000Z"},"lock":0}
{"_id":{"$oid":"59004f71835e6f98083869fa"},"id_nongtrairauqua":{"$oid":"59004fc8835e6fff06386a01"},"id_dmnhamay":{"$oid":"590009eb835e6ff4043869f9"},"tieuchuan":"VIETGAP","sochungnhantieuchuan":"VietGAP-TT-13-09-68-0096","matruyxuatsanpham":"Bapcai.0001","ngaysoche":{"$date":"2017-05-01T17:00:00.000Z"},"hienthi":{"$numberLong":"1"},"date_post":{"$date":"2017-05-09T02:33:41.880Z"},"id_user":{"$oid":"58e3072432341cfc09005d7e"},"id_congty":{"$oid":"58fd6e23835e6f186f1ef936"}," ngaysoche":{"$date":"2017-05-01T17:00:00.000Z"},"lock":0}
{"_id":{"$oid":"59004fd8835e6f9c083869fa"},"id_nongtrairauqua":{"$oid":"59004fc8835e6fff06386a01"},"id_dmnhamay":{"$oid":"590009eb835e6ff4043869f9"},"tieuchuan":"VIETGAP","sochungnhantieuchuan":"VietGAP-TT-13-09-68-0096","matruyxuatsanpham":"Cachua.0001","ngaysoche":{"$date":"2017-05-01T17:00:00.000Z"},"hienthi":{"$numberLong":"1"},"date_post":{"$date":"2017-05-15T01:28:59.569Z"},"id_user":{"$oid":"58e3072432341cfc09005d7e"},"id_congty":{"$oid":"58fd6e23835e6f186f1ef936"}," ngaysoche":{"$date":"2017-05-13T17:00:00.000Z"},"lock":0}
{"_id":{"$oid":"5900502e835e6f9b083869fb"},"id_nongtrairauqua":{"$oid":"59004fc8835e6fff06386a01"},"id_dmnhamay":{"$oid":"590009eb835e6ff4043869f9"},"tieuchuan":"VIETGAP","sochungnhantieuchuan":"VietGAP-TT-13-09-68-0096","matruyxuatsanpham":"Bausao.0001","ngaysoche":{"$date":"2017-05-01T17:00:00.000Z"},"hienthi":{"$numberLong":"1"},"date_post":{"$date":"2017-05-09T02:33:52.128Z"},"id_user":{"$oid":"58e3072432341cfc09005d7e"},"id_congty":{"$oid":"58fd6e23835e6f186f1ef936"}," ngaysoche":{"$date":"2017-05-01T17:00:00.000Z"},"lock":0}
{"_id":{"$oid":"5900507c835e6f8f083869fb"},"id_nongtrairauqua":{"$oid":"5900506e835e6f9c083869fb"},"id_dmnhamay":{"$oid":"590009eb835e6ff4043869f9"},"tieuchuan":"VIETGAP","sochungnhantieuchuan":"VietGAP-TT-13-09-68-0096","matruyxuatsanpham":"Carot.0001","ngaysoche":{"$date":"2017-05-07T17:00:00.000Z"},"hienthi":{"$numberLong":"1"},"date_post":{"$date":"2017-05-17T07:58:12.598Z"},"id_user":{"$oid":"58e3072432341cfc09005d7e"},"id_congty":{"$oid":"58fd6e23835e6f186f1ef936"}," ngaysoche":{"$date":"2017-05-01T17:00:00.000Z"},"lock":0}
{"_id":{"$oid":"590050ef835e6f9c083869fc"},"id_nongtrairauqua":{"$oid":"590050bd835e6f80083869ff"},"id_dmnhamay":{"$oid":"590009eb835e6ff4043869f9"},"tieuchuan":"VIETGAP","sochungnhantieuchuan":"VietGAP-TT-13-09-68-0096","matruyxuatsanpham":"Khoaitay.0001","ngaysoche":{"$date":"2017-05-01T17:00:00.000Z"},"hienthi":{"$numberLong":"1"},"date_post":{"$date":"2017-05-11T03:49:51.523Z"},"id_user":{"$oid":"58e3072432341cfc09005d7e"},"id_congty":{"$oid":"58fd6e23835e6f186f1ef936"}," ngaysoche":{"$date":"2017-05-10T17:00:00.000Z"},"lock":0}
{"_id":{"$oid":"59005143835e6f98083869fc"},"id_nongtrairauqua":{"$oid":"59004fc8835e6fff06386a01"},"id_dmnhamay":{"$oid":"590009eb835e6ff4043869f9"},"tieuchuan":"VIETGAP","sochungnhantieuchuan":"VietGAP-TT-13-09-68-0096","matruyxuatsanpham":"Hanhtay.0001","ngaysoche":{"$date":"2017-05-01T17:00:00.000Z"},"hienthi":{"$numberLong":"1"},"date_post":{"$date":"2017-05-09T02:34:13.424Z"},"id_user":{"$oid":"58e3072432341cfc09005d7e"},"id_congty":{"$oid":"58fd6e23835e6f186f1ef936"}," ngaysoche":{"$date":"2017-05-01T17:00:00.000Z"},"lock":0}
{"_id":{"$oid":"5913e103835e6f6a188b4567"},"id_nongtrairauqua":{"$oid":"5913e0e6835e6f69188b4567"},"id_dmnhamay":{"$oid":"590009eb835e6ff4043869f9"},"tieuchuan":"GLOBALGAP","sochungnhantieuchuan":"BIOCERT FV-VIET-1007, GGN: 4056186928917","matruyxuatsanpham":"Thanhlong.0001","ngaysoche":{"$date":"2017-05-10T17:00:00.000Z"},"hienthi":{"$numberLong":"1"},"date_post":{"$date":"2017-05-11T07:43:59.915Z"},"id_user":{"$oid":"58e3072432341cfc09005d7e"},"id_congty":{"$oid":"58fd6e23835e6f186f1ef936"}," ngaysoche":{"$date":"2017-05-10T17:00:00.000Z"},"lock":0}
{"_id":{"$oid":"58fdc407835e6fd0711ef93e"},"id_nongtrairauqua":{"$oid":"59004fc8835e6fff06386a01"},"id_dmnhamay":{"$oid":"590009eb835e6ff4043869f9"},"tieuchuan":"VIETGAP","sochungnhantieuchuan":"VietGAP-TT-13-09-68-0096","matruyxuatsanpham":"BiXanh.0001","ngaysoche":{"$date":"2017-04-23T17:00:00.000Z"},"hienthi":{"$numberLong":"1"},"date_post":{"$date":"2017-05-09T02:31:50.632Z"},"id_user":{"$oid":"58e3072432341cfc09005d7e"},"id_congty":{"$oid":"58fd6e23835e6f186f1ef936"}," ngaysoche":{"$date":"2017-05-07T17:00:00.000Z"},"lock":0}
{"_id":{"$oid":"58fdc5a0835e6f0f721ef936"},"id_nongtrairauqua":{"$oid":"59004fc8835e6fff06386a01"},"id_dmnhamay":{"$oid":"590009eb835e6ff4043869f9"},"tieuchuan":"VIETGAP","sochungnhantieuchuan":"VietGAP-TT-13-09-68-0096","matruyxuatsanpham":"Caibexanh.0001","ngaysoche":{"$date":"2017-04-23T17:00:00.000Z"},"hienthi":{"$numberLong":"1"},"date_post":{"$date":"2017-05-09T02:50:08.110Z"},"id_user":{"$oid":"58e3072432341cfc09005d7e"},"id_congty":{"$oid":"58fd6e23835e6f186f1ef936"}," ngaysoche":{"$date":"2017-05-07T17:00:00.000Z"},"lock":0}
{"_id":{"$oid":"591ed845c12583ab4d3ae569"},"id_nongtrairauqua":{"$oid":"591ed80bc12583d05a3ae568"},"id_dmnhamay":{"$oid":"591ed7c9c125833b483ae568"},"tieuchuan":"N/A","sochungnhantieuchuan":"N/A","matruyxuatsanpham":"190517001","ngaysoche":{"$date":"2017-05-18T23:00:00.000Z"},"hienthi":{"$numberLong":"1"},"date_post":{"$date":"2017-05-19T11:34:29.883Z"},"id_user":{"$oid":"58e3072432341cfc09005d7e"},"id_congty":{"$oid":"58fd6e23835e6f186f1ef936"},"lock":0}
{"_id":{"$oid":"592fcb5fa40183ac1300002a"},"id_nongtrairauqua":{"$oid":"591ed80bc12583d05a3ae568"},"id_dmnhamay":{"$oid":"58f07ffcd89398440b00002a"},"tieuchuan":"ABC","sochungnhantieuchuan":"ABC","matruyxuatsanpham":"ABC","ngaysoche":{"$date":"2017-06-01T00:00:00.000Z"},"hienthi":1,"date_post":{"$date":"2017-06-01T08:07:59.000Z"},"id_user":{"$oid":"58e3072432341cfc09005d7e"},"id_congty":{"$oid":"591d6c69c12583e352f65fd6"}}
