{"_id":{"$oid":"58f72d80d89398e40f00002a"},"id_dmnongtrai":{"$oid":"58f081fcd89398440b00002c"},"tieuchuan":"Viet GAP","sochungnhantieuchuan":"001899","madan":"TG001","soluong":{"$numberLong":"6"},"ngaythuhoach":{"$date":"2017-04-23T17:00:00.000Z"},"nhamaycungcapthucan":"CTY CỔ PHẦN ANOVA FEED","soxevanchuyen":"60C 11489 ","tentaixe":"VŨ VIỆT CƯỜNG ","hienthi":{"$numberLong":"1"},"date_post":{"$date":"2017-04-24T10:14:09.542Z"},"id_user":{"$oid":"58e3072432341cfc09005d7e"},"id_congty":{"$oid":"58f074f8d893983c0b000029"},"lock":1}
{"_id":{"$oid":"591ed392c1258390533ae568"},"id_dmnongtrai":{"$oid":"591ed31cc12583ab4d3ae568"},"tieuchuan":"N/A","sochungnhantieuchuan":"N/A","madan":"N/A","soluong":{"$numberLong":"1"},"ngaythuhoach":{"$date":"2017-05-18T23:00:00.000Z"},"nhamaycungcapthucan":"N/A","soxevanchuyen":"N/A","tentaixe":"N/A","hienthi":{"$numberLong":"1"},"date_post":{"$date":"2017-05-19T11:14:26.128Z"},"id_user":{"$oid":"58e3072432341cfc09005d7e"},"id_congty":{"$oid":"58fd6e23835e6f186f1ef936"},"lock":1}
