{"_id":{"$oid":"59000d56835e6f5e063869f9"},"id_dmnongtrai":{"$oid":"58fef103835e6f027c3869f9"},"tieuchuan":"VIETGAP","sochungnhantieuchuan":"VietGAP-TT-13-09-68-0096","ngaythuhoach":{"$date":"2017-05-13T17:00:00.000Z"},"matruyxuatsanpham":"Caingot.0001","soluong":{"$numberLong":"200"},"soxevanchuyen":"1234","tentaixe":"Nguyễn Văn An","hienthi":{"$numberLong":"1"},"date_post":{"$date":"2017-05-15T01:25:40.134Z"},"id_user":{"$oid":"58e3072432341cfc09005d7e"},"id_congty":{"$oid":"58fd6e23835e6f186f1ef936"},"lock":1}
{"_id":{"$oid":"5900105e835e6f45063869f9"},"id_dmnongtrai":{"$oid":"58fef103835e6f027c3869f9"},"tieuchuan":"VIETGAP","sochungnhantieuchuan":"VietGAP-TT-13-09-68-0096","ngaythuhoach":{"$date":"2017-05-07T17:00:00.000Z"},"matruyxuatsanpham":"Bapcaithao.0001","soluong":{"$numberLong":"200"},"soxevanchuyen":"5678","tentaixe":"Trần Văn Ba","hienthi":{"$numberLong":"1"},"date_post":{"$date":"2017-05-09T02:53:26.895Z"},"id_user":{"$oid":"58e3072432341cfc09005d7e"},"id_congty":{"$oid":"58fd6e23835e6f186f1ef936"},"lock":0}
{"_id":{"$oid":"59004ab8835e6f37083869ff"},"id_dmnongtrai":{"$oid":"58fef103835e6f027c3869f9"},"tieuchuan":"VIETGAP","sochungnhantieuchuan":"VietGAP-TT-13-09-68-0096","ngaythuhoach":{"$date":"2017-05-13T17:00:00.000Z"},"matruyxuatsanpham":"Caithia.0001","soluong":{"$numberLong":"200"},"soxevanchuyen":"1234","tentaixe":"Nguyễn Văn An","hienthi":{"$numberLong":"1"},"date_post":{"$date":"2017-05-15T01:27:20.949Z"},"id_user":{"$oid":"58e3072432341cfc09005d7e"},"id_congty":{"$oid":"58fd6e23835e6f186f1ef936"},"lock":1}
{"_id":{"$oid":"59004b5f835e6f91083869f9"},"id_dmnongtrai":{"$oid":"58fef103835e6f027c3869f9"},"tieuchuan":"VIETGAP","sochungnhantieuchuan":"VietGAP-TT-13-09-68-0096","ngaythuhoach":{"$date":"2017-05-07T17:00:00.000Z"},"matruyxuatsanpham":"Boxoi.0001","soluong":{"$numberLong":"200"},"soxevanchuyen":"1234","tentaixe":"Nguyễn Văn An","hienthi":{"$numberLong":"1"},"date_post":{"$date":"2017-05-09T02:52:45.302Z"},"id_user":{"$oid":"58e3072432341cfc09005d7e"},"id_congty":{"$oid":"58fd6e23835e6f186f1ef936"},"lock":0}
{"_id":{"$oid":"59004bba835e6f60083869fb"},"id_dmnongtrai":{"$oid":"58fef103835e6f027c3869f9"},"tieuchuan":"VIETGAP","sochungnhantieuchuan":"VietGAP-TT-13-09-68-0096","ngaythuhoach":{"$date":"2017-05-07T17:00:00.000Z"},"matruyxuatsanpham":"Raumuong.0001","soluong":{"$numberLong":"200"},"soxevanchuyen":"1234","tentaixe":"Nguyễn Văn An","hienthi":{"$numberLong":"1"},"date_post":{"$date":"2017-05-09T02:52:59.855Z"},"id_user":{"$oid":"58e3072432341cfc09005d7e"},"id_congty":{"$oid":"58fd6e23835e6f186f1ef936"},"lock":0}
{"_id":{"$oid":"59004c17835e6f91083869fa"},"id_dmnongtrai":{"$oid":"58fef103835e6f027c3869f9"},"tieuchuan":"VIETGAP","sochungnhantieuchuan":"VietGAP-TT-13-09-68-0096","ngaythuhoach":{"$date":"2017-05-07T17:00:00.000Z"},"matruyxuatsanpham":"Rauden.0001","soluong":{"$numberLong":"200"},"soxevanchuyen":"1234","tentaixe":"Nguyễn Văn An","hienthi":{"$numberLong":"1"},"date_post":{"$date":"2017-05-09T02:52:12.680Z"},"id_user":{"$oid":"58e3072432341cfc09005d7e"},"id_congty":{"$oid":"58fd6e23835e6f186f1ef936"},"lock":0}
{"_id":{"$oid":"59004c6a835e6f3708386a03"},"id_dmnongtrai":{"$oid":"58fef103835e6f027c3869f9"},"tieuchuan":"VIETGAP","sochungnhantieuchuan":"VietGAP-TT-13-09-68-0096","ngaythuhoach":{"$date":"2017-05-07T17:00:00.000Z"},"matruyxuatsanpham":"Mongtoi.0001","soluong":{"$numberLong":"200"},"soxevanchuyen":"1234","tentaixe":"Nguyễn Văn An","hienthi":{"$numberLong":"1"},"date_post":{"$date":"2017-05-09T02:52:53.169Z"},"id_user":{"$oid":"58e3072432341cfc09005d7e"},"id_congty":{"$oid":"58fd6e23835e6f186f1ef936"},"lock":0}
{"_id":{"$oid":"59004cea835e6f80083869fd"},"id_dmnongtrai":{"$oid":"58fef103835e6f027c3869f9"},"tieuchuan":"VIETGAP","sochungnhantieuchuan":"359-16/HHD/CTCB; VIETGAP-TT 13-09-68-0096","ngaythuhoach":{"$date":"2017-05-10T17:00:00.000Z"},"matruyxuatsanpham":"Xalachlolo.0001","soluong":{"$numberLong":"200"},"soxevanchuyen":"1234","tentaixe":"Nguyễn Văn An","hienthi":{"$numberLong":"1"},"date_post":{"$date":"2017-05-11T07:25:49.961Z"},"id_user":{"$oid":"58e3072432341cfc09005d7e"},"id_congty":{"$oid":"58fd6e23835e6f186f1ef936"},"lock":0}
{"_id":{"$oid":"59004f42835e6f60083869ff"},"id_dmnongtrai":{"$oid":"58fef103835e6f027c3869f9"},"tieuchuan":"VIETGAP","sochungnhantieuchuan":"VietGAP-TT-13-09-68-0096","ngaythuhoach":{"$date":"2017-05-07T17:00:00.000Z"},"matruyxuatsanpham":"Bapcai.0001","soluong":{"$numberLong":"200"},"soxevanchuyen":"1234","tentaixe":"Nguyễn Văn An","hienthi":{"$numberLong":"1"},"date_post":{"$date":"2017-05-09T02:53:35.390Z"},"id_user":{"$oid":"58e3072432341cfc09005d7e"},"id_congty":{"$oid":"58fd6e23835e6f186f1ef936"},"lock":0}
{"_id":{"$oid":"59004fc8835e6fff06386a01"},"id_dmnongtrai":{"$oid":"58fef103835e6f027c3869f9"},"tieuchuan":"VIETGAP","sochungnhantieuchuan":"VietGAP-TT-13-09-68-0096","ngaythuhoach":{"$date":"2017-05-13T17:00:00.000Z"},"matruyxuatsanpham":"Cachua.0001","soluong":{"$numberLong":"200"},"soxevanchuyen":"1234","tentaixe":"Nguyễn Văn An","hienthi":{"$numberLong":"1"},"date_post":{"$date":"2017-05-15T01:28:41.617Z"},"id_user":{"$oid":"58e3072432341cfc09005d7e"},"id_congty":{"$oid":"58fd6e23835e6f186f1ef936"},"lock":1}
{"_id":{"$oid":"5900501f835e6f87083869fa"},"id_dmnongtrai":{"$oid":"58fef103835e6f027c3869f9"},"tieuchuan":"VIETGAP","sochungnhantieuchuan":"VietGAP-TT-13-09-68-0096","ngaythuhoach":{"$date":"2017-05-07T17:00:00.000Z"},"matruyxuatsanpham":"Bausao.0001","soluong":{"$numberLong":"200"},"soxevanchuyen":"1234","tentaixe":"Nguyễn Văn An","hienthi":{"$numberLong":"1"},"date_post":{"$date":"2017-05-09T02:53:42.727Z"},"id_user":{"$oid":"58e3072432341cfc09005d7e"},"id_congty":{"$oid":"58fd6e23835e6f186f1ef936"},"lock":0}
{"_id":{"$oid":"5900506e835e6f9c083869fb"},"id_dmnongtrai":{"$oid":"58fef103835e6f027c3869f9"},"tieuchuan":"VIETGAP","sochungnhantieuchuan":"VietGAP-TT-13-09-68-0096","ngaythuhoach":{"$date":"2017-05-07T17:00:00.000Z"},"matruyxuatsanpham":"Carot.0001","soluong":{"$numberLong":"200"},"soxevanchuyen":"1234","tentaixe":"Nguyễn Văn An","hienthi":{"$numberLong":"1"},"date_post":{"$date":"2017-05-09T02:52:22.640Z"},"id_user":{"$oid":"58e3072432341cfc09005d7e"},"id_congty":{"$oid":"58fd6e23835e6f186f1ef936"},"lock":0}
{"_id":{"$oid":"590050bd835e6f80083869ff"},"id_dmnongtrai":{"$oid":"58fef103835e6f027c3869f9"},"tieuchuan":"VIETGAP","sochungnhantieuchuan":"359-16/HHD/CTCB; VIETGAP-TT 13-09-68-0096","ngaythuhoach":{"$date":"2017-05-10T17:00:00.000Z"},"matruyxuatsanpham":"Khoaitay.0001","soluong":{"$numberLong":"200"},"soxevanchuyen":"1234","tentaixe":"Nguyễn Văn An","hienthi":{"$numberLong":"1"},"date_post":{"$date":"2017-05-11T07:25:25.587Z"},"id_user":{"$oid":"58e3072432341cfc09005d7e"},"id_congty":{"$oid":"58fd6e23835e6f186f1ef936"},"lock":0}
{"_id":{"$oid":"59005135835e6f87083869fb"},"id_dmnongtrai":{"$oid":"58fef103835e6f027c3869f9"},"tieuchuan":"VIETGAP","sochungnhantieuchuan":"VietGAP-TT-13-09-68-0096","ngaythuhoach":{"$date":"2017-05-07T17:00:00.000Z"},"matruyxuatsanpham":"Hanhtay.0001","soluong":{"$numberLong":"200"},"soxevanchuyen":"1234","tentaixe":"Nguyễn Văn An","hienthi":{"$numberLong":"1"},"date_post":{"$date":"2017-05-09T02:53:09.227Z"},"id_user":{"$oid":"58e3072432341cfc09005d7e"},"id_congty":{"$oid":"58fd6e23835e6f186f1ef936"},"lock":0}
{"_id":{"$oid":"5913e0e6835e6f69188b4567"},"id_dmnongtrai":{"$oid":"58fef103835e6f027c3869f9"},"tieuchuan":"GLOBALGAP","sochungnhantieuchuan":"BIOCERT FV-VIET-1007, GGN: 4056186928917","ngaythuhoach":{"$date":"2017-05-10T17:00:00.000Z"},"matruyxuatsanpham":"Thanhlong.0001","soluong":{"$numberLong":"200"},"soxevanchuyen":"1234","tentaixe":"Nguyễn Văn An","hienthi":{"$numberLong":"1"},"date_post":{"$date":"2017-05-11T07:43:27.449Z"},"id_user":{"$oid":"58e3072432341cfc09005d7e"},"id_congty":{"$oid":"58fd6e23835e6f186f1ef936"},"lock":0}
{"_id":{"$oid":"58fdc3d1835e6f566f1ef938"},"id_dmnongtrai":{"$oid":"58fef103835e6f027c3869f9"},"tieuchuan":"Viet G.A.P","sochungnhantieuchuan":"VietGAP-TT-13-09-68-0096","ngaythuhoach":{"$date":"2017-05-07T17:00:00.000Z"},"matruyxuatsanpham":"BiXanh.0001","soluong":{"$numberLong":"100"},"soxevanchuyen":"49M-1234","tentaixe":"Nguyễn văn Bình","hienthi":{"$numberLong":"1"},"date_post":{"$date":"2017-05-09T02:52:35.780Z"},"id_user":{"$oid":"58e3072432341cfc09005d7e"},"id_congty":{"$oid":"58fd6e23835e6f186f1ef936"},"lock":0}
{"_id":{"$oid":"58fdc575835e6fea701ef94d"},"id_dmnongtrai":{"$oid":"58fef103835e6f027c3869f9"},"tieuchuan":"VIETGAP","sochungnhantieuchuan":"VietGAP-TT-13-09-68-0096","ngaythuhoach":{"$date":"2017-05-07T17:00:00.000Z"},"matruyxuatsanpham":"Caibexanh.0001","soluong":{"$numberLong":"200"},"soxevanchuyen":"49T-4567","tentaixe":"Nguyễn văn Bình","hienthi":{"$numberLong":"1"},"date_post":{"$date":"2017-05-09T02:30:50.215Z"},"id_user":{"$oid":"58e3072432341cfc09005d7e"},"id_congty":{"$oid":"58fd6e23835e6f186f1ef936"},"lock":0}
{"_id":{"$oid":"591ed80bc12583d05a3ae568"},"id_dmnongtrai":{"$oid":"591ed7a1c1258380523ae568"},"tieuchuan":"N/A","sochungnhantieuchuan":"N/A","ngaythuhoach":{"$date":"2017-05-18T23:00:00.000Z"},"matruyxuatsanpham":"190517001","soluong":{"$numberLong":"1"},"soxevanchuyen":"N/A","tentaixe":"N/A","hienthi":{"$numberLong":"1"},"date_post":{"$date":"2017-05-19T11:33:31.847Z"},"id_user":{"$oid":"58e3072432341cfc09005d7e"},"id_congty":{"$oid":"58fd6e23835e6f186f1ef936"},"lock":1}
